sequence,phenotype
AAA,-100
AAC,-100
AAD,-100
AAE,-100
AAF,-100
AAG,-100
AAH,-100
AAI,-100
AAK,-100
AAL,-100
AAM,-100
AAN,-100
AAP,-100
AAQ,-100
AAR,-100
AAS,-100
AAT,-100
AAV,-100
AAW,-100
AAY,-100
ACA,-100
ACC,-100
ACD,-100
ACE,-100
ACF,-1.41995788807981
ACG,-100
ACH,-100
ACI,-100
ACK,-1.4711106744071
ACL,0.340028358972631
ACM,-0.827611897140741
ACN,-100
ACP,-100
ACQ,-100
ACR,-1.37729207371012
ACS,-100
ACT,-100
ACV,-100
ACW,-100
ACY,-100
ADA,0.655680519063026
ADC,0.524238062847871
ADD,-100
ADE,-1.43901276621909
ADF,0.865012019639835
ADG,0.66229521878995
ADH,-0.288275847677141
ADI,-0.491887771175243
ADK,-0.72635066928342
ADL,-0.000295495148748159
ADM,2.0068409556261
ADN,-0.139391564414836
ADP,-1.02531009633094
ADQ,2.18315459834412
ADR,2.03986353613436
ADS,1.44994230449083
ADT,1.68124549023923
ADV,1.66947866277769
ADW,1.30301855108701
ADY,0.403842963743955
AEA,-0.701829153113067
AEC,0.165977263590321
AED,-100
AEE,-100
AEF,2.20948620920535
AEG,-1.12625158869196
AEH,-1.21953417174518
AEI,1.21786883706227
AEK,-1.066587544512
AEL,2.3391458397964
AEM,3.71257089660503
AEN,-1.49322849186137
AEP,-1.41887151775882
AEQ,0.378097698092461
AER,-1.26657778490335
AES,0.198988489573821
AET,1.09444588283077
AEV,1.60699551925063
AEW,-0.115478207357228
AEY,0.977843883825699
AFA,-100
AFC,-100
AFD,-100
AFE,-100
AFF,-100
AFG,-100
AFH,-100
AFI,-100
AFK,-100
AFL,-100
AFM,-100
AFN,-100
AFP,-100
AFQ,-100
AFR,-100
AFS,-100
AFT,-100
AFV,-100
AFW,-100
AFY,-100
AGA,-100
AGC,-100
AGD,-100
AGE,-100
AGF,-100
AGG,-100
AGH,-100
AGI,-100
AGK,-100
AGL,-100
AGM,-100
AGN,-100
AGP,-100
AGQ,-100
AGR,-100
AGS,-100
AGT,-100
AGV,-100
AGW,-100
AGY,-100
AHA,-100
AHC,-100
AHD,-100
AHE,-100
AHF,-100
AHG,-100
AHH,-100
AHI,-100
AHK,-100
AHL,-100
AHM,-100
AHN,-100
AHP,-100
AHQ,-100
AHR,-100
AHS,-100
AHT,-100
AHV,-100
AHW,-100
AHY,-100
AIA,-100
AIC,-100
AID,-100
AIE,-100
AIF,-100
AIG,-100
AIH,-100
AII,-100
AIK,-100
AIL,-100
AIM,-100
AIN,-100
AIP,-100
AIQ,-100
AIR,-100
AIS,-100
AIT,-100
AIV,-100
AIW,-100
AIY,-100
AKA,-100
AKC,-100
AKD,-100
AKE,-100
AKF,-100
AKG,-100
AKH,-100
AKI,-100
AKK,-100
AKL,-100
AKM,-100
AKN,-100
AKP,-100
AKQ,-100
AKR,-100
AKS,-100
AKT,-100
AKV,-100
AKW,-100
AKY,-100
ALA,-100
ALC,-100
ALD,-100
ALE,-100
ALF,-100
ALG,-100
ALH,-100
ALI,-100
ALK,-100
ALL,-100
ALM,-100
ALN,-100
ALP,-100
ALQ,-100
ALR,-100
ALS,-100
ALT,-100
ALV,-100
ALW,-100
ALY,-100
AMA,-100
AMC,-100
AMD,-100
AME,-100
AMF,-100
AMG,-100
AMH,-100
AMI,-100
AMK,-100
AML,-100
AMM,-100
AMN,-100
AMP,-100
AMQ,-100
AMR,-100
AMS,-100
AMT,-100
AMV,-100
AMW,-100
AMY,-100
ANA,-100
ANC,-100
AND,-100
ANE,-100
ANF,-100
ANG,-100
ANH,-100
ANI,-100
ANK,-100
ANL,-100
ANM,-100
ANN,-100
ANP,-100
ANQ,-100
ANR,-100
ANS,-100
ANT,-100
ANV,-100
ANW,-100
ANY,-100
APA,-100
APC,-100
APD,-100
APE,-100
APF,-100
APG,-100
APH,-100
API,-100
APK,-100
APL,-100
APM,-100
APN,-100
APP,-100
APQ,-100
APR,-100
APS,-100
APT,-100
APV,-100
APW,-100
APY,-100
AQA,-100
AQC,-100
AQD,-100
AQE,-100
AQF,-100
AQG,-100
AQH,-100
AQI,-100
AQK,-100
AQL,-100
AQM,-100
AQN,-100
AQP,-100
AQQ,-100
AQR,-100
AQS,-100
AQT,-100
AQV,-100
AQW,-100
AQY,-100
ARA,-100
ARC,-100
ARD,-100
ARE,-100
ARF,-100
ARG,-100
ARH,-100
ARI,-100
ARK,-100
ARL,-100
ARM,-100
ARN,-100
ARP,-100
ARQ,-100
ARR,-100
ARS,-100
ART,-100
ARV,-100
ARW,-100
ARY,-100
ASA,-100
ASC,-100
ASD,-100
ASE,-100
ASF,-100
ASG,-100
ASH,-100
ASI,-100
ASK,-100
ASL,-100
ASM,-100
ASN,-100
ASP,-100
ASQ,-100
ASR,-100
ASS,-100
AST,-100
ASV,-100
ASW,-100
ASY,-100
ATA,-100
ATC,-100
ATD,-100
ATE,-100
ATF,-100
ATG,-100
ATH,-100
ATI,-100
ATK,-100
ATL,-100
ATM,-100
ATN,-100
ATP,-100
ATQ,-100
ATR,-100
ATS,-100
ATT,-100
ATV,-100
ATW,-100
ATY,-100
AVA,-100
AVC,-100
AVD,-100
AVE,-100
AVF,-100
AVG,-100
AVH,-100
AVI,-100
AVK,-100
AVL,-100
AVM,-100
AVN,-100
AVP,-100
AVQ,-100
AVR,-100
AVS,-100
AVT,-100
AVV,-100
AVW,-100
AVY,-100
AWA,-100
AWC,-100
AWD,-100
AWE,-100
AWF,-100
AWG,-100
AWH,-100
AWI,-100
AWK,-100
AWL,-100
AWM,-100
AWN,-100
AWP,-100
AWQ,-1.10752571839839
AWR,-100
AWS,-100
AWT,-100
AWV,-100
AWW,-100
AWY,-100
AYA,-100
AYC,-100
AYD,-100
AYE,-100
AYF,-100
AYG,-100
AYH,-100
AYI,-100
AYK,-100
AYL,-100
AYM,-100
AYN,-100
AYP,-100
AYQ,-100
AYR,-100
AYS,-100
AYT,-100
AYV,-100
AYW,-100
AYY,-100
CAA,-100
CAC,-100
CAD,-100
CAE,-100
CAF,-100
CAG,-100
CAH,-100
CAI,-100
CAK,-100
CAL,-100
CAM,-100
CAN,-100
CAP,-100
CAQ,-100
CAR,-100
CAS,-100
CAT,-100
CAV,-100
CAW,-100
CAY,-100
CCA,-100
CCC,-100
CCD,-100
CCE,-100
CCF,-100
CCG,-100
CCH,-100
CCI,-100
CCK,-100
CCL,0.40315476548858
CCM,-1.04972648329567
CCN,-100
CCP,-100
CCQ,-100
CCR,-1.33904735854594
CCS,-100
CCT,-100
CCV,-100
CCW,-100
CCY,-100
CDA,3.09221431182232
CDC,2.55164971132763
CDD,-1.2924846332171
CDE,-0.110188283957541
CDF,2.87445117488096
CDG,2.86413195123896
CDH,1.90634876547847
CDI,1.27538802044
CDK,-0.490636586211622
CDL,0.856386198895052
CDM,3.45189648680389
CDN,1.960306848865
CDP,-0.963916132226586
CDQ,3.83929086069111
CDR,2.42577218473889
CDS,3.3799210858997
CDT,3.68505394435488
CDV,3.77244764467468
CDW,3.4640348511748
CDY,2.48533888492966
CEA,1.51109808172623
CEC,0.956457253836561
CED,-100
CEE,-100
CEF,3.41740873560775
CEG,-0.334797739080386
CEH,0.251399163971655
CEI,2.73867280539525
CEK,-0.905271391617134
CEL,3.48812010890106
CEM,4.57819427823415
CEN,-1.01334350640536
CEP,-100
CEQ,2.63520186109236
CER,-0.220838846871629
CES,1.15036879084073
CET,2.20680632209405
CEV,3.57558013318339
CEW,1.42866153642535
CEY,2.28235823626164
CFA,-100
CFC,-100
CFD,-100
CFE,-100
CFF,-100
CFG,-100
CFH,-100
CFI,-100
CFK,-100
CFL,-100
CFM,-100
CFN,-100
CFP,-100
CFQ,-100
CFR,-100
CFS,-100
CFT,-100
CFV,-100
CFW,-100
CFY,-100
CGA,-100
CGC,-100
CGD,-100
CGE,-100
CGF,-100
CGG,-100
CGH,-100
CGI,-100
CGK,-100
CGL,-100
CGM,-100
CGN,-100
CGP,-100
CGQ,-100
CGR,-100
CGS,-100
CGT,-100
CGV,-100
CGW,-100
CGY,-100
CHA,-100
CHC,-100
CHD,-100
CHE,-100
CHF,-100
CHG,-100
CHH,-100
CHI,-100
CHK,-100
CHL,-100
CHM,-100
CHN,-100
CHP,-100
CHQ,-100
CHR,-100
CHS,-100
CHT,-100
CHV,-100
CHW,-100
CHY,-100
CIA,-100
CIC,-100
CID,-100
CIE,-100
CIF,-100
CIG,-100
CIH,-100
CII,-100
CIK,-100
CIL,-100
CIM,-100
CIN,-100
CIP,-100
CIQ,-100
CIR,-100
CIS,-100
CIT,-100
CIV,-100
CIW,-100
CIY,-100
CKA,-100
CKC,-100
CKD,-100
CKE,-100
CKF,-100
CKG,-100
CKH,-100
CKI,-100
CKK,-100
CKL,-100
CKM,-100
CKN,-100
CKP,-100
CKQ,-100
CKR,-100
CKS,-100
CKT,-100
CKV,-100
CKW,-100
CKY,-100
CLA,-100
CLC,-100
CLD,-100
CLE,-100
CLF,-100
CLG,-100
CLH,-100
CLI,-100
CLK,-100
CLL,-100
CLM,-100
CLN,-100
CLP,-100
CLQ,-100
CLR,-100
CLS,-100
CLT,-100
CLV,-100
CLW,-100
CLY,-100
CMA,-100
CMC,-100
CMD,-100
CME,-100
CMF,-100
CMG,-100
CMH,-100
CMI,-100
CMK,-100
CML,-100
CMM,-100
CMN,-100
CMP,-100
CMQ,-100
CMR,-100
CMS,-100
CMT,-100
CMV,-100
CMW,-100
CMY,-100
CNA,-100
CNC,-100
CND,-100
CNE,-100
CNF,-100
CNG,-100
CNH,-100
CNI,-100
CNK,-100
CNL,-100
CNM,-100
CNN,-100
CNP,-100
CNQ,-100
CNR,-100
CNS,-100
CNT,-100
CNV,-100
CNW,-100
CNY,-100
CPA,-100
CPC,-100
CPD,-100
CPE,-100
CPF,-100
CPG,-100
CPH,-100
CPI,-100
CPK,-100
CPL,-100
CPM,-100
CPN,-100
CPP,-100
CPQ,-100
CPR,-100
CPS,-100
CPT,-100
CPV,-100
CPW,-100
CPY,-100
CQA,-100
CQC,-100
CQD,-100
CQE,-100
CQF,-100
CQG,-100
CQH,-100
CQI,-100
CQK,-100
CQL,-100
CQM,-100
CQN,-100
CQP,-100
CQQ,-100
CQR,-100
CQS,-100
CQT,-100
CQV,-100
CQW,-100
CQY,-100
CRA,-100
CRC,-100
CRD,-100
CRE,-100
CRF,-100
CRG,-100
CRH,-100
CRI,-100
CRK,-100
CRL,-100
CRM,-100
CRN,-100
CRP,-100
CRQ,-100
CRR,-100
CRS,-100
CRT,-100
CRV,-100
CRW,-100
CRY,-100
CSA,-100
CSC,-100
CSD,-100
CSE,-100
CSF,-100
CSG,-100
CSH,-100
CSI,-100
CSK,-100
CSL,-100
CSM,-100
CSN,-100
CSP,-100
CSQ,-100
CSR,-100
CSS,-100
CST,-100
CSV,-100
CSW,-100
CSY,-100
CTA,-100
CTC,-100
CTD,-100
CTE,-100
CTF,-100
CTG,-100
CTH,-100
CTI,-100
CTK,-100
CTL,-100
CTM,-100
CTN,-100
CTP,-100
CTQ,-100
CTR,-100
CTS,-100
CTT,-100
CTV,-100
CTW,-100
CTY,-100
CVA,-100
CVC,-100
CVD,-100
CVE,-100
CVF,-100
CVG,-100
CVH,-100
CVI,-100
CVK,-100
CVL,-100
CVM,-100
CVN,-100
CVP,-100
CVQ,-100
CVR,-100
CVS,-100
CVT,-100
CVV,-100
CVW,-100
CVY,-100
CWA,-100
CWC,-100
CWD,-100
CWE,-100
CWF,-100
CWG,-100
CWH,-100
CWI,-100
CWK,-100
CWL,-100
CWM,-100
CWN,-100
CWP,-100
CWQ,-100
CWR,-100
CWS,-100
CWT,-100
CWV,-100
CWW,-100
CWY,-100
CYA,-100
CYC,-100
CYD,-100
CYE,-100
CYF,-100
CYG,-100
CYH,-100
CYI,-100
CYK,-100
CYL,-100
CYM,-100
CYN,-100
CYP,-100
CYQ,-100
CYR,-100
CYS,-100
CYT,-100
CYV,-100
CYW,-100
CYY,-100
DAA,-100
DAC,-100
DAD,-100
DAE,-100
DAF,-100
DAG,-100
DAH,-100
DAI,-100
DAK,-100
DAL,-100
DAM,-100
DAN,-100
DAP,-100
DAQ,-100
DAR,-100
DAS,-100
DAT,-100
DAV,-100
DAW,-100
DAY,-100
DCA,-100
DCC,-100
DCD,-100
DCE,-100
DCF,-100
DCG,-100
DCH,-100
DCI,-100
DCK,-1.50532159232534
DCL,-0.277531256899238
DCM,-1.10214634460863
DCN,-100
DCP,-100
DCQ,-100
DCR,-1.42803866468603
DCS,-100
DCT,-100
DCV,-100
DCW,-100
DCY,-100
DDA,2.16690385577385
DDC,0.915441667893901
DDD,-100
DDE,-0.794103747874033
DDF,1.54252178221941
DDG,1.70257313360344
DDH,1.17853135100449
DDI,0.179328186670318
DDK,-0.728194958413951
DDL,-0.149620376294479
DDM,2.68985650077229
DDN,0.75028262916021
DDP,-0.783923616399989
DDQ,3.64777482976206
DDR,1.93926028901478
DDS,2.73106201901101
DDT,3.10369807691313
DDV,3.03382113196494
DDW,2.34099161229096
DDY,1.36946053244174
DEA,2.23649045312777
DEC,1.51643263408914
DED,-100
DEE,-1.26643513981253
DEF,3.77051454444882
DEG,-0.707901347894222
DEH,0.893261308898218
DEI,2.75140778836794
DEK,-0.900938653852791
DEL,3.37299804762006
DEM,4.68154195742682
DEN,-0.700834495888557
DEP,-1.36131881130859
DEQ,3.39466611284297
DER,0.106480393791571
DES,2.13447385234758
DET,3.30336741730571
DEV,3.93440989349619
DEW,2.3104449827224
DEY,2.95394041878171
DFA,-100
DFC,-100
DFD,-100
DFE,-100
DFF,-100
DFG,-100
DFH,-100
DFI,-100
DFK,-100
DFL,-100
DFM,-100
DFN,-100
DFP,-100
DFQ,-100
DFR,-100
DFS,-100
DFT,-100
DFV,-100
DFW,-100
DFY,-100
DGA,-100
DGC,-100
DGD,-100
DGE,-100
DGF,-100
DGG,-100
DGH,-100
DGI,-100
DGK,-100
DGL,-100
DGM,-100
DGN,-100
DGP,-100
DGQ,-100
DGR,-100
DGS,-100
DGT,-100
DGV,-100
DGW,-100
DGY,-100
DHA,-100
DHC,-100
DHD,-100
DHE,-100
DHF,-100
DHG,-100
DHH,-100
DHI,-100
DHK,-100
DHL,-100
DHM,-100
DHN,-100
DHP,-100
DHQ,-100
DHR,-100
DHS,-100
DHT,-100
DHV,-100
DHW,-100
DHY,-100
DIA,-100
DIC,-100
DID,-100
DIE,-100
DIF,-100
DIG,-100
DIH,-100
DII,-100
DIK,-100
DIL,-100
DIM,-100
DIN,-100
DIP,-100
DIQ,-100
DIR,-100
DIS,-100
DIT,-100
DIV,-100
DIW,-100
DIY,-100
DKA,-100
DKC,-100
DKD,-100
DKE,-100
DKF,-100
DKG,-100
DKH,-100
DKI,-100
DKK,-100
DKL,-100
DKM,-100
DKN,-100
DKP,-100
DKQ,-100
DKR,-100
DKS,-100
DKT,-100
DKV,-100
DKW,-100
DKY,-100
DLA,-100
DLC,-100
DLD,-100
DLE,-100
DLF,-100
DLG,-100
DLH,-100
DLI,-100
DLK,-100
DLL,-100
DLM,-100
DLN,-100
DLP,-100
DLQ,-100
DLR,-100
DLS,-100
DLT,-100
DLV,-100
DLW,-100
DLY,-100
DMA,-100
DMC,-100
DMD,-100
DME,-100
DMF,-100
DMG,-100
DMH,-100
DMI,-100
DMK,-100
DML,-100
DMM,-100
DMN,-100
DMP,-100
DMQ,-100
DMR,-100
DMS,-100
DMT,-100
DMV,-100
DMW,-100
DMY,-100
DNA,-100
DNC,-100
DND,-100
DNE,-100
DNF,-100
DNG,-100
DNH,-100
DNI,-100
DNK,-100
DNL,-100
DNM,-100
DNN,-100
DNP,-100
DNQ,-100
DNR,-100
DNS,-0.815321307629347
DNT,-100
DNV,-100
DNW,-100
DNY,-100
DPA,-100
DPC,-100
DPD,-100
DPE,-100
DPF,-100
DPG,-100
DPH,-100
DPI,-100
DPK,-100
DPL,-100
DPM,-100
DPN,-100
DPP,-100
DPQ,-100
DPR,-100
DPS,-100
DPT,-100
DPV,-100
DPW,-100
DPY,-100
DQA,-100
DQC,-100
DQD,-100
DQE,-100
DQF,-100
DQG,-100
DQH,-100
DQI,-100
DQK,-100
DQL,-100
DQM,-100
DQN,-100
DQP,-100
DQQ,-100
DQR,-100
DQS,-100
DQT,-100
DQV,-100
DQW,-100
DQY,-100
DRA,-100
DRC,-100
DRD,-100
DRE,-100
DRF,-100
DRG,-100
DRH,-100
DRI,-100
DRK,-100
DRL,-100
DRM,-100
DRN,-100
DRP,-100
DRQ,-100
DRR,-100
DRS,-100
DRT,-100
DRV,-100
DRW,-100
DRY,-100
DSA,-100
DSC,-100
DSD,-100
DSE,-100
DSF,-100
DSG,-100
DSH,-100
DSI,-100
DSK,-100
DSL,-100
DSM,-100
DSN,-100
DSP,-100
DSQ,-100
DSR,-100
DSS,-100
DST,-100
DSV,-100
DSW,-100
DSY,-100
DTA,-100
DTC,-100
DTD,-100
DTE,-100
DTF,-100
DTG,-100
DTH,-100
DTI,-100
DTK,-100
DTL,-100
DTM,-100
DTN,-100
DTP,-100
DTQ,-100
DTR,-100
DTS,-100
DTT,-100
DTV,-100
DTW,-100
DTY,-100
DVA,-100
DVC,-100
DVD,-100
DVE,-100
DVF,-100
DVG,-100
DVH,-100
DVI,-100
DVK,-100
DVL,-100
DVM,-100
DVN,-100
DVP,-100
DVQ,-100
DVR,-100
DVS,-100
DVT,-100
DVV,-100
DVW,-100
DVY,-100
DWA,-100
DWC,-100
DWD,-100
DWE,-100
DWF,-100
DWG,-100
DWH,-100
DWI,-100
DWK,-100
DWL,-100
DWM,-100
DWN,-100
DWP,-100
DWQ,-100
DWR,-100
DWS,-100
DWT,-100
DWV,-100
DWW,-100
DWY,-100
DYA,-100
DYC,-100
DYD,-100
DYE,-100
DYF,-100
DYG,-100
DYH,-100
DYI,-100
DYK,-100
DYL,-100
DYM,-100
DYN,-100
DYP,-100
DYQ,-100
DYR,-100
DYS,-100
DYT,-100
DYV,-100
DYW,-100
DYY,-100
EAA,-100
EAC,-100
EAD,-100
EAE,-100
EAF,-100
EAG,-100
EAH,-100
EAI,-100
EAK,-100
EAL,-100
EAM,-100
EAN,-100
EAP,-100
EAQ,-100
EAR,-100
EAS,-100
EAT,-100
EAV,-100
EAW,-100
EAY,-100
ECA,-100
ECC,-100
ECD,-100
ECE,-100
ECF,-100
ECG,-100
ECH,-100
ECI,-100
ECK,-1.42382346102386
ECL,0.0636745176743716
ECM,-0.841494380612858
ECN,-100
ECP,-100
ECQ,-100
ECR,-1.31509911715693
ECS,-100
ECT,-100
ECV,-100
ECW,-100
ECY,-100
EDA,1.66291625401936
EDC,0.269977249670774
EDD,-100
EDE,-1.12098693675944
EDF,0.677226334344596
EDG,1.16325299651362
EDH,0.547764226095751
EDI,-0.469715773127973
EDK,-0.676922141574323
EDL,-0.461731728166342
EDM,2.04200508119538
EDN,0.349203581456095
EDP,-0.81470651878044
EDQ,3.28723163530231
EDR,2.16678312374279
EDS,2.24611007538624
EDT,2.5645200079307
EDV,2.43821847892832
EDW,2.15328642509303
EDY,0.688309348886833
EEA,0.807010048767552
EEC,0.243083990120795
EED,-100
EEE,-100
EEF,2.76512859872309
EEG,-0.781489108514506
EEH,-0.348104373551905
EEI,2.04850966494996
EEK,-0.893978145846631
EEL,3.04084823187441
EEM,4.30955807585269
EEN,-1.28077335987473
EEP,-100
EEQ,2.2905869850656
EER,-0.719817923847586
EES,0.905301186721772
EET,2.1472146208398
EEV,3.0657460547518
EEW,1.28767389594577
EEY,1.63515592197655
EFA,-100
EFC,-100
EFD,-100
EFE,-100
EFF,-100
EFG,-100
EFH,-100
EFI,-100
EFK,-100
EFL,-100
EFM,-100
EFN,-100
EFP,-100
EFQ,-100
EFR,-100
EFS,-100
EFT,-100
EFV,-100
EFW,-100
EFY,-100
EGA,-100
EGC,-100
EGD,-100
EGE,-100
EGF,-100
EGG,-100
EGH,-100
EGI,-100
EGK,-100
EGL,-100
EGM,-100
EGN,-100
EGP,-100
EGQ,-100
EGR,-100
EGS,-100
EGT,-100
EGV,-100
EGW,-100
EGY,-100
EHA,-100
EHC,-100
EHD,-100
EHE,-100
EHF,-100
EHG,-100
EHH,-100
EHI,-100
EHK,-100
EHL,-100
EHM,-100
EHN,-100
EHP,-100
EHQ,-100
EHR,-100
EHS,-100
EHT,-100
EHV,-100
EHW,-100
EHY,-100
EIA,-100
EIC,-100
EID,-100
EIE,-100
EIF,-100
EIG,-100
EIH,-100
EII,-100
EIK,-100
EIL,-100
EIM,-100
EIN,-100
EIP,-100
EIQ,-100
EIR,-100
EIS,-100
EIT,-100
EIV,-100
EIW,-100
EIY,-100
EKA,-100
EKC,-100
EKD,-100
EKE,-100
EKF,-100
EKG,-100
EKH,-100
EKI,-100
EKK,-100
EKL,-100
EKM,-100
EKN,-100
EKP,-100
EKQ,-100
EKR,-100
EKS,-100
EKT,-100
EKV,-100
EKW,-100
EKY,-100
ELA,-100
ELC,-100
ELD,-100
ELE,-100
ELF,-100
ELG,-100
ELH,-100
ELI,-100
ELK,-100
ELL,-100
ELM,-100
ELN,-100
ELP,-100
ELQ,-100
ELR,-100
ELS,-100
ELT,-100
ELV,-100
ELW,-100
ELY,-100
EMA,-100
EMC,-100
EMD,-100
EME,-100
EMF,-100
EMG,-100
EMH,-100
EMI,-100
EMK,-100
EML,-100
EMM,-100
EMN,-100
EMP,-100
EMQ,-100
EMR,-100
EMS,-100
EMT,-100
EMV,-100
EMW,-100
EMY,-100
ENA,-100
ENC,-100
END,-100
ENE,-100
ENF,-100
ENG,-100
ENH,-100
ENI,-100
ENK,-100
ENL,-100
ENM,-100
ENN,-100
ENP,-100
ENQ,-100
ENR,-100
ENS,-100
ENT,-100
ENV,-100
ENW,-100
ENY,-100
EPA,-100
EPC,-100
EPD,-100
EPE,-100
EPF,-100
EPG,-100
EPH,-100
EPI,-100
EPK,-100
EPL,-100
EPM,-100
EPN,-100
EPP,-100
EPQ,-100
EPR,-100
EPS,-100
EPT,-100
EPV,-100
EPW,-100
EPY,-100
EQA,-100
EQC,-100
EQD,-100
EQE,-100
EQF,-100
EQG,-100
EQH,-100
EQI,-100
EQK,-100
EQL,-100
EQM,-100
EQN,-100
EQP,-100
EQQ,-100
EQR,-100
EQS,-100
EQT,-100
EQV,-100
EQW,-100
EQY,-100
ERA,-100
ERC,-100
ERD,-100
ERE,-100
ERF,-100
ERG,-100
ERH,-100
ERI,-100
ERK,-100
ERL,-100
ERM,-100
ERN,-100
ERP,-100
ERQ,-100
ERR,-100
ERS,-100
ERT,-100
ERV,-100
ERW,-100
ERY,-100
ESA,-100
ESC,-100
ESD,-100
ESE,-100
ESF,-100
ESG,-100
ESH,-100
ESI,-100
ESK,-100
ESL,-100
ESM,-100
ESN,-100
ESP,-100
ESQ,-100
ESR,-1.47521079657599
ESS,-100
EST,-100
ESV,-100
ESW,-100
ESY,-100
ETA,-100
ETC,-100
ETD,-100
ETE,-100
ETF,-100
ETG,-100
ETH,-100
ETI,-100
ETK,-100
ETL,-100
ETM,-100
ETN,-100
ETP,-100
ETQ,-100
ETR,-100
ETS,-100
ETT,-100
ETV,-100
ETW,-100
ETY,-100
EVA,-100
EVC,-100
EVD,-100
EVE,-100
EVF,-100
EVG,-100
EVH,-100
EVI,-100
EVK,-100
EVL,-100
EVM,-100
EVN,-100
EVP,-100
EVQ,-100
EVR,-100
EVS,-100
EVT,-100
EVV,-100
EVW,-100
EVY,-100
EWA,-100
EWC,-100
EWD,-100
EWE,-100
EWF,-100
EWG,-100
EWH,-100
EWI,-100
EWK,-100
EWL,-100
EWM,-100
EWN,-100
EWP,-100
EWQ,-100
EWR,-100
EWS,-100
EWT,-100
EWV,-100
EWW,-100
EWY,-100
EYA,-100
EYC,-100
EYD,-100
EYE,-100
EYF,-100
EYG,-100
EYH,-100
EYI,-100
EYK,-100
EYL,-100
EYM,-100
EYN,-100
EYP,-100
EYQ,-100
EYR,-100
EYS,-100
EYT,-100
EYV,-100
EYW,-100
EYY,-100
FAA,-100
FAC,-100
FAD,-100
FAE,-100
FAF,-100
FAG,-100
FAH,-100
FAI,-100
FAK,-100
FAL,-100
FAM,-100
FAN,-100
FAP,-100
FAQ,-100
FAR,-100
FAS,-100
FAT,-100
FAV,-100
FAW,-100
FAY,-100
FCA,-100
FCC,-100
FCD,-100
FCE,-100
FCF,-100
FCG,-100
FCH,-100
FCI,-100
FCK,-100
FCL,-0.421864354982972
FCM,-1.46795722213574
FCN,-100
FCP,-100
FCQ,-100
FCR,-1.40644477284513
FCS,-100
FCT,-100
FCV,-100
FCW,-100
FCY,-100
FDA,3.51721256831661
FDC,1.3934275447391
FDD,-100
FDE,0.581781534012407
FDF,3.51805426599458
FDG,1.73107318812981
FDH,1.98532642872306
FDI,2.16360340686515
FDK,-0.483137826435268
FDL,2.0218515638262
FDM,4.18251068191603
FDN,-1.07852211222053
FDP,-0.846027226885781
FDQ,4.23807304527145
FDR,2.56304755288875
FDS,1.58104221289977
FDT,2.38249590573832
FDV,4.20812990888953
FDW,3.23904665646842
FDY,2.04040357886697
FEA,1.02455313969404
FEC,-1.00338540785015
FED,-100
FEE,-100
FEF,1.94194692233577
FEG,-1.5400836803019
FEH,-0.565753547591157
FEI,2.73831198969856
FEK,-0.863985124975443
FEL,3.73421732475981
FEM,4.27975313225761
FEN,-100
FEP,-100
FEQ,2.54844997404143
FER,0.976402296684682
FES,-1.33498157281429
FET,-1.2056143945083
FEV,3.44110904028639
FEW,-1.07410943321884
FEY,0.60015507414937
FFA,-100
FFC,-100
FFD,-100
FFE,-100
FFF,-100
FFG,-100
FFH,-100
FFI,-100
FFK,-100
FFL,-100
FFM,-100
FFN,-100
FFP,-100
FFQ,-100
FFR,-100
FFS,-100
FFT,-100
FFV,-100
FFW,-100
FFY,-100
FGA,-100
FGC,-100
FGD,-100
FGE,-100
FGF,-100
FGG,-100
FGH,-100
FGI,-100
FGK,-100
FGL,-100
FGM,-100
FGN,-100
FGP,-100
FGQ,-100
FGR,-100
FGS,-100
FGT,-100
FGV,-100
FGW,-100
FGY,-100
FHA,-100
FHC,-100
FHD,-100
FHE,-100
FHF,-100
FHG,-100
FHH,-100
FHI,-100
FHK,-100
FHL,-100
FHM,-100
FHN,-100
FHP,-100
FHQ,-100
FHR,-100
FHS,-100
FHT,-100
FHV,-100
FHW,-100
FHY,-100
FIA,-100
FIC,-100
FID,-100
FIE,-100
FIF,-100
FIG,-100
FIH,-100
FII,-100
FIK,-100
FIL,-100
FIM,-100
FIN,-100
FIP,-100
FIQ,-100
FIR,-100
FIS,-100
FIT,-100
FIV,-100
FIW,-100
FIY,-100
FKA,-100
FKC,-100
FKD,-100
FKE,-100
FKF,-100
FKG,-100
FKH,-100
FKI,-100
FKK,-100
FKL,-100
FKM,-100
FKN,-100
FKP,-100
FKQ,-100
FKR,-100
FKS,-100
FKT,-100
FKV,-100
FKW,-100
FKY,-100
FLA,-100
FLC,-100
FLD,-100
FLE,-100
FLF,-100
FLG,-100
FLH,-100
FLI,-100
FLK,-100
FLL,-100
FLM,-100
FLN,-100
FLP,-100
FLQ,-100
FLR,-100
FLS,-100
FLT,-100
FLV,-100
FLW,-100
FLY,-100
FMA,-100
FMC,-100
FMD,-100
FME,-100
FMF,-100
FMG,-100
FMH,-100
FMI,-100
FMK,-100
FML,-100
FMM,-100
FMN,-100
FMP,-100
FMQ,-100
FMR,-100
FMS,-100
FMT,-100
FMV,-100
FMW,-100
FMY,-100
FNA,-100
FNC,-100
FND,-100
FNE,-100
FNF,-100
FNG,-100
FNH,-100
FNI,-100
FNK,-100
FNL,-100
FNM,-100
FNN,-100
FNP,-100
FNQ,-100
FNR,-100
FNS,-100
FNT,-100
FNV,-100
FNW,-100
FNY,-100
FPA,-100
FPC,-100
FPD,-100
FPE,-100
FPF,-100
FPG,-100
FPH,-100
FPI,-100
FPK,-100
FPL,-100
FPM,-100
FPN,-100
FPP,-100
FPQ,-100
FPR,-100
FPS,-100
FPT,-100
FPV,-100
FPW,-100
FPY,-100
FQA,-100
FQC,-100
FQD,-100
FQE,-100
FQF,-100
FQG,-100
FQH,-100
FQI,-100
FQK,-100
FQL,-100
FQM,-100
FQN,-100
FQP,-100
FQQ,-100
FQR,-100
FQS,-100
FQT,-100
FQV,-100
FQW,-100
FQY,-100
FRA,-100
FRC,-100
FRD,-100
FRE,-100
FRF,-100
FRG,-100
FRH,-100
FRI,-100
FRK,-100
FRL,-100
FRM,-100
FRN,-100
FRP,-100
FRQ,-100
FRR,-100
FRS,-100
FRT,-100
FRV,-100
FRW,-100
FRY,-100
FSA,-100
FSC,-100
FSD,-100
FSE,-100
FSF,-100
FSG,-100
FSH,-100
FSI,-100
FSK,-100
FSL,-100
FSM,-100
FSN,-100
FSP,-100
FSQ,-100
FSR,-100
FSS,-100
FST,-100
FSV,-100
FSW,-100
FSY,-100
FTA,-100
FTC,-100
FTD,-100
FTE,-100
FTF,-100
FTG,-100
FTH,-100
FTI,-100
FTK,-100
FTL,-100
FTM,-100
FTN,-100
FTP,-100
FTQ,-100
FTR,-100
FTS,-100
FTT,-100
FTV,-100
FTW,-100
FTY,-100
FVA,-100
FVC,-100
FVD,-100
FVE,-100
FVF,-100
FVG,-100
FVH,-100
FVI,-100
FVK,-100
FVL,-100
FVM,-100
FVN,-100
FVP,-100
FVQ,-100
FVR,-100
FVS,-100
FVT,-100
FVV,-100
FVW,-100
FVY,-100
FWA,-100
FWC,-100
FWD,-100
FWE,-100
FWF,-100
FWG,-100
FWH,-100
FWI,-100
FWK,-100
FWL,-100
FWM,-100
FWN,-100
FWP,-100
FWQ,-100
FWR,-100
FWS,-100
FWT,-100
FWV,-100
FWW,-100
FWY,-100
FYA,-100
FYC,-100
FYD,-100
FYE,-100
FYF,-100
FYG,-100
FYH,-100
FYI,-100
FYK,-100
FYL,-100
FYM,-100
FYN,-100
FYP,-100
FYQ,-100
FYR,-100
FYS,-100
FYT,-100
FYV,-100
FYW,-100
FYY,-100
GAA,-100
GAC,-100
GAD,-100
GAE,-100
GAF,-100
GAG,-100
GAH,-100
GAI,-100
GAK,-100
GAL,-100
GAM,-100
GAN,-100
GAP,-100
GAQ,-100
GAR,-100
GAS,-100
GAT,-100
GAV,-100
GAW,-100
GAY,-100
GCA,-100
GCC,-100
GCD,-100
GCE,-100
GCF,-100
GCG,-100
GCH,-100
GCI,-100
GCK,-1.54617737081571
GCL,-0.0819984193658456
GCM,-0.742599553079344
GCN,-100
GCP,-100
GCQ,-100
GCR,-1.43007582542486
GCS,-100
GCT,-100
GCV,-100
GCW,-100
GCY,-100
GDA,2.40326985530555
GDC,1.61465739679988
GDD,-100
GDE,-0.796970345079899
GDF,2.53819248178206
GDG,2.37316421268042
GDH,1.33233322761953
GDI,1.13378694186395
GDK,-0.243229088722728
GDL,1.14251626259647
GDM,3.42449077990022
GDN,1.05413946608314
GDP,-0.234334624838084
GDQ,3.86094234097982
GDR,2.64296098251361
GDS,2.89367411821149
GDT,3.28090821416117
GDV,3.43920778165921
GDW,3.0805078860285
GDY,1.91695546812844
GEA,0.00372160458937287
GEC,0.40380468260264
GED,-100
GEE,-100
GEF,2.72751145553775
GEG,-0.73052377946442
GEH,-0.942395962774754
GEI,2.62117353104986
GEK,-0.946146661299281
GEL,3.00220932505908
GEM,4.39370932709426
GEN,-1.36401870392729
GEP,-0.586119886487722
GEQ,1.06641449779272
GER,-0.981944646220654
GES,0.8675820636563
GET,2.01288659963757
GEV,2.43292941246182
GEW,0.477929951390252
GEY,0.928929513087496
GFA,-100
GFC,-100
GFD,-100
GFE,-100
GFF,-100
GFG,-100
GFH,-100
GFI,-100
GFK,-100
GFL,-100
GFM,-100
GFN,-100
GFP,-100
GFQ,-100
GFR,-100
GFS,-100
GFT,-100
GFV,-100
GFW,-100
GFY,-100
GGA,-100
GGC,-100
GGD,-100
GGE,-100
GGF,-100
GGG,-100
GGH,-100
GGI,-100
GGK,-100
GGL,-100
GGM,-100
GGN,-100
GGP,-100
GGQ,-100
GGR,-100
GGS,-100
GGT,-100
GGV,-100
GGW,-100
GGY,-100
GHA,-100
GHC,-100
GHD,-100
GHE,-100
GHF,-100
GHG,-100
GHH,-100
GHI,-100
GHK,-100
GHL,-100
GHM,-100
GHN,-100
GHP,-100
GHQ,-100
GHR,-100
GHS,-100
GHT,-100
GHV,-100
GHW,-100
GHY,-100
GIA,-100
GIC,-100
GID,-100
GIE,-100
GIF,-100
GIG,-100
GIH,-100
GII,-100
GIK,-100
GIL,-100
GIM,-100
GIN,-100
GIP,-100
GIQ,-100
GIR,-100
GIS,-100
GIT,-100
GIV,-100
GIW,-100
GIY,-100
GKA,-100
GKC,-100
GKD,-100
GKE,-100
GKF,-100
GKG,-100
GKH,-100
GKI,-100
GKK,-100
GKL,-100
GKM,-100
GKN,-100
GKP,-100
GKQ,-100
GKR,-100
GKS,-100
GKT,-100
GKV,-100
GKW,-100
GKY,-100
GLA,-100
GLC,-100
GLD,-100
GLE,-100
GLF,-100
GLG,-100
GLH,-100
GLI,-100
GLK,-100
GLL,-100
GLM,-100
GLN,-100
GLP,-100
GLQ,-100
GLR,-100
GLS,-100
GLT,-100
GLV,-100
GLW,-100
GLY,-100
GMA,-100
GMC,-100
GMD,-100
GME,-100
GMF,-100
GMG,-100
GMH,-100
GMI,-100
GMK,-100
GML,-100
GMM,-100
GMN,-100
GMP,-100
GMQ,-100
GMR,-100
GMS,-100
GMT,-100
GMV,-100
GMW,-100
GMY,-100
GNA,-100
GNC,-100
GND,-100
GNE,-100
GNF,-100
GNG,-100
GNH,-100
GNI,-100
GNK,-100
GNL,-100
GNM,-100
GNN,-100
GNP,-100
GNQ,-100
GNR,-100
GNS,-100
GNT,-100
GNV,-100
GNW,-100
GNY,-100
GPA,-100
GPC,-100
GPD,-100
GPE,-100
GPF,-100
GPG,-100
GPH,-100
GPI,-100
GPK,-100
GPL,-100
GPM,-100
GPN,-100
GPP,-100
GPQ,-100
GPR,-100
GPS,-100
GPT,-100
GPV,-100
GPW,-100
GPY,-100
GQA,-100
GQC,-100
GQD,-100
GQE,-100
GQF,-100
GQG,-100
GQH,-100
GQI,-100
GQK,-100
GQL,-100
GQM,-100
GQN,-100
GQP,-100
GQQ,-100
GQR,-100
GQS,-100
GQT,-100
GQV,-100
GQW,-100
GQY,-100
GRA,-100
GRC,-100
GRD,-100
GRE,-100
GRF,-100
GRG,-100
GRH,-100
GRI,-100
GRK,-100
GRL,-100
GRM,-100
GRN,-100
GRP,-100
GRQ,-100
GRR,-100
GRS,-100
GRT,-100
GRV,-100
GRW,-100
GRY,-100
GSA,-100
GSC,-100
GSD,-100
GSE,-100
GSF,-100
GSG,-100
GSH,-100
GSI,-100
GSK,-100
GSL,-100
GSM,-100
GSN,-100
GSP,-100
GSQ,-100
GSR,-100
GSS,-100
GST,-100
GSV,-100
GSW,-100
GSY,-100
GTA,-100
GTC,-100
GTD,-100
GTE,-100
GTF,-100
GTG,-100
GTH,-100
GTI,-100
GTK,-100
GTL,-100
GTM,-100
GTN,-100
GTP,-100
GTQ,-100
GTR,-100
GTS,-100
GTT,-100
GTV,-100
GTW,-100
GTY,-100
GVA,-100
GVC,-100
GVD,-100
GVE,-100
GVF,-100
GVG,-100
GVH,-100
GVI,-100
GVK,-100
GVL,-100
GVM,-100
GVN,-100
GVP,-100
GVQ,-100
GVR,-100
GVS,-100
GVT,-100
GVV,-100
GVW,-100
GVY,-100
GWA,-100
GWC,-100
GWD,-100
GWE,-100
GWF,-100
GWG,-100
GWH,-100
GWI,-100
GWK,-100
GWL,-100
GWM,-100
GWN,-100
GWP,-100
GWQ,-100
GWR,-100
GWS,-100
GWT,-100
GWV,-100
GWW,-100
GWY,-100
GYA,-100
GYC,-100
GYD,-100
GYE,-100
GYF,-100
GYG,-100
GYH,-100
GYI,-100
GYK,-100
GYL,-100
GYM,-100
GYN,-100
GYP,-100
GYQ,-100
GYR,-100
GYS,-100
GYT,-100
GYV,-100
GYW,-100
GYY,-100
HAA,-100
HAC,-100
HAD,-100
HAE,-100
HAF,-100
HAG,-100
HAH,-100
HAI,-100
HAK,-100
HAL,-100
HAM,-100
HAN,-100
HAP,-100
HAQ,-100
HAR,-100
HAS,-100
HAT,-100
HAV,-100
HAW,-100
HAY,-100
HCA,-100
HCC,-100
HCD,-100
HCE,-100
HCF,-1.57143946940778
HCG,-100
HCH,-100
HCI,-100
HCK,-1.48044100368861
HCL,0.301328440604266
HCM,-0.935257137069129
HCN,-100
HCP,-100
HCQ,-100
HCR,-1.40339833509643
HCS,-100
HCT,-100
HCV,-100
HCW,-100
HCY,-100
HDA,2.52493141771993
HDC,2.04173199413344
HDD,-100
HDE,-0.457699158345349
HDF,2.41507890610956
HDG,2.26827367651276
HDH,1.80948374432046
HDI,0.690343998605385
HDK,-0.669491914275568
HDL,0.454983237897977
HDM,2.86890393053181
HDN,1.35116253979504
HDP,-0.908356324653141
HDQ,3.83959148800932
HDR,2.31139152318065
HDS,2.95945071894675
HDT,3.1215038591763
HDV,3.32431397191249
HDW,3.2578518979717
HDY,2.03446393547347
HEA,1.95899623562582
HEC,0.94876673570252
HED,-100
HEE,-1.36820908635855
HEF,3.61627490667161
HEG,-0.273949894588441
HEH,0.879886707058176
HEI,2.93611199595034
HEK,-0.899110901169479
HEL,3.69686294815619
HEM,4.65676171315135
HEN,-0.978529624291696
HEP,-100
HEQ,3.5121134899091
HER,0.464676401752513
HES,1.00809347382074
HET,1.64495350874495
HEV,3.92276100278832
HEW,1.14432533283252
HEY,2.49455489963293
HFA,-100
HFC,-100
HFD,-100
HFE,-100
HFF,-100
HFG,-100
HFH,-100
HFI,-100
HFK,-100
HFL,-100
HFM,-100
HFN,-100
HFP,-100
HFQ,-100
HFR,-100
HFS,-100
HFT,-100
HFV,-100
HFW,-100
HFY,-100
HGA,-100
HGC,-100
HGD,-100
HGE,-100
HGF,-100
HGG,-100
HGH,-100
HGI,-100
HGK,-100
HGL,-100
HGM,-100
HGN,-100
HGP,-100
HGQ,-100
HGR,-100
HGS,-100
HGT,-100
HGV,-100
HGW,-100
HGY,-100
HHA,-100
HHC,-100
HHD,-100
HHE,-100
HHF,-100
HHG,-100
HHH,-100
HHI,-100
HHK,-100
HHL,-100
HHM,-100
HHN,-100
HHP,-100
HHQ,-100
HHR,-100
HHS,-100
HHT,-100
HHV,-100
HHW,-100
HHY,-100
HIA,-100
HIC,-100
HID,-100
HIE,-100
HIF,-100
HIG,-100
HIH,-100
HII,-100
HIK,-100
HIL,-100
HIM,-100
HIN,-100
HIP,-100
HIQ,-100
HIR,-100
HIS,-100
HIT,-100
HIV,-100
HIW,-100
HIY,-100
HKA,-100
HKC,-100
HKD,-100
HKE,-100
HKF,-100
HKG,-100
HKH,-100
HKI,-100
HKK,-100
HKL,-100
HKM,-100
HKN,-100
HKP,-100
HKQ,-100
HKR,-100
HKS,-100
HKT,-100
HKV,-100
HKW,-100
HKY,-100
HLA,-100
HLC,-100
HLD,-100
HLE,-100
HLF,-100
HLG,-100
HLH,-100
HLI,-100
HLK,-100
HLL,-100
HLM,-100
HLN,-100
HLP,-100
HLQ,-100
HLR,-100
HLS,-100
HLT,-100
HLV,-100
HLW,-100
HLY,-100
HMA,-100
HMC,-100
HMD,-100
HME,-100
HMF,-100
HMG,-100
HMH,-100
HMI,-100
HMK,-100
HML,-100
HMM,-100
HMN,-100
HMP,-100
HMQ,-100
HMR,-100
HMS,-100
HMT,-100
HMV,-100
HMW,-100
HMY,-100
HNA,-100
HNC,-100
HND,-100
HNE,-100
HNF,-100
HNG,-100
HNH,-100
HNI,-100
HNK,-100
HNL,-100
HNM,-100
HNN,-100
HNP,-100
HNQ,-100
HNR,-100
HNS,-100
HNT,-100
HNV,-100
HNW,-100
HNY,-100
HPA,-100
HPC,-100
HPD,-100
HPE,-100
HPF,-100
HPG,-100
HPH,-100
HPI,-100
HPK,-100
HPL,-100
HPM,-100
HPN,-100
HPP,-100
HPQ,-100
HPR,-100
HPS,-100
HPT,-100
HPV,-100
HPW,-100
HPY,-100
HQA,-100
HQC,-100
HQD,-100
HQE,-100
HQF,-100
HQG,-100
HQH,-100
HQI,-100
HQK,-100
HQL,-100
HQM,-100
HQN,-100
HQP,-100
HQQ,-100
HQR,-100
HQS,-100
HQT,-100
HQV,-100
HQW,-100
HQY,-100
HRA,-100
HRC,-100
HRD,-100
HRE,-100
HRF,-100
HRG,-100
HRH,-100
HRI,-100
HRK,-100
HRL,-100
HRM,-100
HRN,-100
HRP,-100
HRQ,-100
HRR,-100
HRS,-100
HRT,-100
HRV,-100
HRW,-100
HRY,-100
HSA,-100
HSC,-100
HSD,-100
HSE,-100
HSF,-100
HSG,-100
HSH,-100
HSI,-100
HSK,-100
HSL,-100
HSM,-100
HSN,-100
HSP,-100
HSQ,-100
HSR,-100
HSS,-100
HST,-100
HSV,-100
HSW,-100
HSY,-100
HTA,-100
HTC,-100
HTD,-100
HTE,-100
HTF,-100
HTG,-100
HTH,-100
HTI,-100
HTK,-100
HTL,-100
HTM,-100
HTN,-100
HTP,-100
HTQ,-100
HTR,-100
HTS,-100
HTT,-100
HTV,-100
HTW,-100
HTY,-100
HVA,-100
HVC,-100
HVD,-100
HVE,-100
HVF,-100
HVG,-100
HVH,-100
HVI,-100
HVK,-100
HVL,-100
HVM,-100
HVN,-100
HVP,-100
HVQ,-100
HVR,-100
HVS,-100
HVT,-100
HVV,-100
HVW,-100
HVY,-100
HWA,-100
HWC,-100
HWD,-100
HWE,-100
HWF,-100
HWG,-100
HWH,-100
HWI,-100
HWK,-100
HWL,-100
HWM,-100
HWN,-100
HWP,-100
HWQ,-100
HWR,-100
HWS,-100
HWT,-100
HWV,-100
HWW,-100
HWY,-100
HYA,-100
HYC,-100
HYD,-100
HYE,-100
HYF,-100
HYG,-100
HYH,-100
HYI,-100
HYK,-100
HYL,-100
HYM,-100
HYN,-100
HYP,-100
HYQ,-100
HYR,-100
HYS,-100
HYT,-100
HYV,-100
HYW,-100
HYY,-100
IAA,-100
IAC,-100
IAD,-100
IAE,-100
IAF,-100
IAG,-100
IAH,-100
IAI,-100
IAK,-100
IAL,-100
IAM,-100
IAN,-100
IAP,-100
IAQ,-100
IAR,-100
IAS,-100
IAT,-100
IAV,-100
IAW,-100
IAY,-100
ICA,-100
ICC,-100
ICD,-100
ICE,-100
ICF,-100
ICG,-100
ICH,-100
ICI,-100
ICK,-100
ICL,-0.677885903045535
ICM,-1.35632087476552
ICN,-100
ICP,-100
ICQ,-100
ICR,-1.56634346926876
ICS,-100
ICT,-100
ICV,-100
ICW,-100
ICY,-100
IDA,3.37505456362851
IDC,2.12531432823744
IDD,-1.28849459299818
IDE,0.622927069896832
IDF,2.85528333694674
IDG,2.21744369191583
IDH,2.23346103634685
IDI,2.02703096717596
IDK,-0.300364664639346
IDL,1.82290421426296
IDM,4.1261410121806
IDN,0.300620274618268
IDP,-0.84396495227702
IDQ,4.18515099602519
IDR,2.5449274215498
IDS,2.16201656544581
IDT,2.57832915801555
IDV,4.1252507485915
IDW,3.5451400418533
IDY,2.38085886905901
IEA,1.34045449155383
IEC,-0.763561552856117
IED,-100
IEE,-100
IEF,2.50852297020901
IEG,-1.14559094840661
IEH,0.0992413079366088
IEI,2.42333004740067
IEK,-0.861050510080531
IEL,3.44559264322743
IEM,4.35167954047211
IEN,-100
IEP,-100
IEQ,3.02681940235198
IER,0.0611203152220696
IES,-1.19379739649594
IET,-1.03546790033579
IEV,3.1026098751463
IEW,0.294100861763582
IEY,1.20360743498895
IFA,-100
IFC,-100
IFD,-100
IFE,-100
IFF,-100
IFG,-100
IFH,-100
IFI,-100
IFK,-100
IFL,-100
IFM,-100
IFN,-100
IFP,-100
IFQ,-100
IFR,-100
IFS,-100
IFT,-100
IFV,-100
IFW,-100
IFY,-100
IGA,-100
IGC,-100
IGD,-100
IGE,-100
IGF,-100
IGG,-100
IGH,-100
IGI,-100
IGK,-100
IGL,-100
IGM,-100
IGN,-100
IGP,-100
IGQ,-100
IGR,-100
IGS,-100
IGT,-100
IGV,-100
IGW,-100
IGY,-100
IHA,-100
IHC,-100
IHD,-100
IHE,-100
IHF,-100
IHG,-100
IHH,-100
IHI,-100
IHK,-100
IHL,-100
IHM,-100
IHN,-100
IHP,-100
IHQ,-100
IHR,-100
IHS,-100
IHT,-100
IHV,-100
IHW,-100
IHY,-100
IIA,-100
IIC,-100
IID,-100
IIE,-100
IIF,-100
IIG,-100
IIH,-100
III,-100
IIK,-100
IIL,-100
IIM,-100
IIN,-100
IIP,-100
IIQ,-100
IIR,-100
IIS,-100
IIT,-100
IIV,-100
IIW,-100
IIY,-100
IKA,-100
IKC,-100
IKD,-100
IKE,-100
IKF,-100
IKG,-100
IKH,-100
IKI,-100
IKK,-100
IKL,-100
IKM,-100
IKN,-100
IKP,-100
IKQ,-100
IKR,-100
IKS,-100
IKT,-100
IKV,-100
IKW,-100
IKY,-100
ILA,-100
ILC,-100
ILD,-100
ILE,-100
ILF,-100
ILG,-100
ILH,-100
ILI,-100
ILK,-100
ILL,-100
ILM,-100
ILN,-100
ILP,-100
ILQ,-100
ILR,-100
ILS,-100
ILT,-100
ILV,-100
ILW,-100
ILY,-100
IMA,-100
IMC,-100
IMD,-100
IME,-100
IMF,-100
IMG,-100
IMH,-100
IMI,-100
IMK,-100
IML,-100
IMM,-100
IMN,-100
IMP,-100
IMQ,-100
IMR,-100
IMS,-100
IMT,-100
IMV,-100
IMW,-100
IMY,-100
INA,-100
INC,-100
IND,-100
INE,-100
INF,-100
ING,-100
INH,-100
INI,-100
INK,-100
INL,-100
INM,-100
INN,-100
INP,-100
INQ,-100
INR,-100
INS,-100
INT,-100
INV,-100
INW,-100
INY,-100
IPA,-100
IPC,-100
IPD,-100
IPE,-100
IPF,-100
IPG,-100
IPH,-100
IPI,-100
IPK,-100
IPL,-100
IPM,-100
IPN,-100
IPP,-100
IPQ,-100
IPR,-100
IPS,-100
IPT,-100
IPV,-100
IPW,-100
IPY,-100
IQA,-100
IQC,-100
IQD,-100
IQE,-100
IQF,-100
IQG,-100
IQH,-100
IQI,-100
IQK,-100
IQL,-100
IQM,-100
IQN,-100
IQP,-100
IQQ,-100
IQR,-100
IQS,-1.33580648992211
IQT,-100
IQV,-100
IQW,-100
IQY,-100
IRA,-100
IRC,-100
IRD,-100
IRE,-100
IRF,-100
IRG,-100
IRH,-100
IRI,-100
IRK,-100
IRL,-100
IRM,-100
IRN,-100
IRP,-100
IRQ,-100
IRR,-100
IRS,-100
IRT,-100
IRV,-100
IRW,-100
IRY,-100
ISA,-100
ISC,-100
ISD,-100
ISE,-100
ISF,-100
ISG,-100
ISH,-100
ISI,-100
ISK,-100
ISL,-100
ISM,-100
ISN,-100
ISP,-100
ISQ,-100
ISR,-100
ISS,-100
IST,-100
ISV,-100
ISW,-100
ISY,-100
ITA,-100
ITC,-100
ITD,-100
ITE,-100
ITF,-100
ITG,-100
ITH,-100
ITI,-100
ITK,-100
ITL,-100
ITM,-100
ITN,-100
ITP,-100
ITQ,-100
ITR,-100
ITS,-100
ITT,-100
ITV,-100
ITW,-100
ITY,-100
IVA,-100
IVC,-100
IVD,-100
IVE,-100
IVF,-100
IVG,-100
IVH,-100
IVI,-100
IVK,-100
IVL,-100
IVM,-100
IVN,-100
IVP,-100
IVQ,-100
IVR,-100
IVS,-100
IVT,-100
IVV,-100
IVW,-100
IVY,-100
IWA,-100
IWC,-100
IWD,-100
IWE,-100
IWF,-100
IWG,-100
IWH,-100
IWI,-100
IWK,-100
IWL,-100
IWM,-100
IWN,-100
IWP,-100
IWQ,-100
IWR,-100
IWS,-100
IWT,-100
IWV,-100
IWW,-100
IWY,-100
IYA,-100
IYC,-100
IYD,-100
IYE,-100
IYF,-100
IYG,-100
IYH,-100
IYI,-100
IYK,-100
IYL,-100
IYM,-100
IYN,-100
IYP,-100
IYQ,-100
IYR,-100
IYS,-100
IYT,-100
IYV,-100
IYW,-100
IYY,-100
KAA,-100
KAC,-100
KAD,-100
KAE,-100
KAF,-100
KAG,-100
KAH,-100
KAI,-100
KAK,-100
KAL,-100
KAM,-100
KAN,-100
KAP,-100
KAQ,-100
KAR,-100
KAS,-100
KAT,-100
KAV,-100
KAW,-100
KAY,-100
KCA,-100
KCC,-100
KCD,-100
KCE,-100
KCF,-1.50570009293733
KCG,-100
KCH,-100
KCI,-1.43122608179692
KCK,-1.49316376139177
KCL,0.863550290465355
KCM,-0.514280950417742
KCN,-100
KCP,-100
KCQ,-100
KCR,-1.39776438323315
KCS,-100
KCT,-100
KCV,-100
KCW,-100
KCY,-100
KDA,3.61542675131932
KDC,2.52375300051062
KDD,-1.24773135734722
KDE,0.330429642694071
KDF,3.23858751461376
KDG,3.39050011010841
KDH,2.66600523609668
KDI,1.34320351458155
KDK,-0.524260916747153
KDL,1.0036352800671
KDM,3.52924908557907
KDN,2.36613809689879
KDP,0.10410557477735
KDQ,4.17639705433976
KDR,2.35189082613215
KDS,3.77280613849871
KDT,3.85799074650276
KDV,3.84078714833595
KDW,3.97380399075337
KDY,3.12715384690091
KEA,2.85177383874543
KEC,2.27774560102262
KED,-100
KEE,-1.02776592969894
KEF,4.29406262817793
KEG,1.17921766033396
KEH,1.80808601621538
KEI,3.19656034652144
KEK,-0.806175898294896
KEL,4.02067332714796
KEM,4.76685235835612
KEN,0.0252524144598283
KEP,-1.51005114847794
KEQ,3.83328344358597
KER,0.707715430296957
KES,2.7238571527414
KET,3.58614455536008
KEV,4.19243631791323
KEW,3.16022020438686
KEY,3.53974120202474
KFA,-100
KFC,-100
KFD,-100
KFE,-100
KFF,-100
KFG,-100
KFH,-100
KFI,-100
KFK,-100
KFL,-100
KFM,-100
KFN,-100
KFP,-100
KFQ,-100
KFR,-100
KFS,-100
KFT,-100
KFV,-100
KFW,-100
KFY,-100
KGA,-100
KGC,-100
KGD,-100
KGE,-100
KGF,-100
KGG,-100
KGH,-100
KGI,-100
KGK,-100
KGL,-100
KGM,-100
KGN,-100
KGP,-100
KGQ,-100
KGR,-100
KGS,-100
KGT,-100
KGV,-100
KGW,-100
KGY,-100
KHA,-100
KHC,-100
KHD,-100
KHE,-100
KHF,-100
KHG,-100
KHH,-100
KHI,-100
KHK,-100
KHL,-100
KHM,-100
KHN,-100
KHP,-100
KHQ,-100
KHR,-100
KHS,-100
KHT,-100
KHV,-100
KHW,-100
KHY,-100
KIA,-100
KIC,-100
KID,-100
KIE,-100
KIF,-100
KIG,-100
KIH,-100
KII,-100
KIK,-100
KIL,-100
KIM,-100
KIN,-100
KIP,-100
KIQ,-100
KIR,-100
KIS,-100
KIT,-100
KIV,-100
KIW,-100
KIY,-100
KKA,-100
KKC,-100
KKD,-100
KKE,-100
KKF,-100
KKG,-100
KKH,-100
KKI,-100
KKK,-100
KKL,-100
KKM,-100
KKN,-100
KKP,-100
KKQ,-100
KKR,-100
KKS,-100
KKT,-100
KKV,-100
KKW,-100
KKY,-100
KLA,-100
KLC,-100
KLD,-100
KLE,-100
KLF,-100
KLG,-100
KLH,-100
KLI,-100
KLK,-100
KLL,-100
KLM,-100
KLN,-100
KLP,-100
KLQ,-100
KLR,-100
KLS,-100
KLT,-100
KLV,-100
KLW,-100
KLY,-100
KMA,-100
KMC,-100
KMD,-100
KME,-100
KMF,-100
KMG,-100
KMH,-100
KMI,-100
KMK,-100
KML,-100
KMM,-100
KMN,-100
KMP,-100
KMQ,-100
KMR,-100
KMS,-100
KMT,-100
KMV,-100
KMW,-100
KMY,-100
KNA,-100
KNC,-100
KND,-100
KNE,-100
KNF,-100
KNG,-100
KNH,-100
KNI,-100
KNK,-100
KNL,-100
KNM,-100
KNN,-100
KNP,-100
KNQ,-100
KNR,-100
KNS,-100
KNT,-100
KNV,-100
KNW,-100
KNY,-100
KPA,-100
KPC,-100
KPD,-100
KPE,-100
KPF,-100
KPG,-100
KPH,-100
KPI,-100
KPK,-100
KPL,-100
KPM,-100
KPN,-100
KPP,-100
KPQ,-100
KPR,-100
KPS,-100
KPT,-100
KPV,-100
KPW,-100
KPY,-100
KQA,-100
KQC,-100
KQD,-100
KQE,-100
KQF,-100
KQG,-100
KQH,-100
KQI,-100
KQK,-100
KQL,-100
KQM,-100
KQN,-100
KQP,-100
KQQ,-100
KQR,-100
KQS,-100
KQT,-100
KQV,-100
KQW,-100
KQY,-100
KRA,-100
KRC,-100
KRD,-100
KRE,-100
KRF,-100
KRG,-100
KRH,-100
KRI,-100
KRK,-100
KRL,-100
KRM,-100
KRN,-100
KRP,-100
KRQ,-100
KRR,-100
KRS,-100
KRT,-100
KRV,-100
KRW,-100
KRY,-100
KSA,-100
KSC,-100
KSD,-100
KSE,-100
KSF,-100
KSG,-100
KSH,-100
KSI,-100
KSK,-100
KSL,-100
KSM,-100
KSN,-100
KSP,-100
KSQ,-100
KSR,-100
KSS,-100
KST,-100
KSV,-100
KSW,-100
KSY,-100
KTA,-100
KTC,-100
KTD,-100
KTE,-100
KTF,-100
KTG,-100
KTH,-100
KTI,-100
KTK,-100
KTL,-100
KTM,-100
KTN,-100
KTP,-100
KTQ,-100
KTR,-100
KTS,-100
KTT,-100
KTV,-100
KTW,-100
KTY,-100
KVA,-100
KVC,-100
KVD,-100
KVE,-100
KVF,-100
KVG,-100
KVH,-100
KVI,-100
KVK,-100
KVL,-100
KVM,-100
KVN,-100
KVP,-100
KVQ,-100
KVR,-100
KVS,-100
KVT,-100
KVV,-100
KVW,-100
KVY,-100
KWA,-100
KWC,-100
KWD,-100
KWE,-100
KWF,-100
KWG,-100
KWH,-100
KWI,-100
KWK,-100
KWL,-100
KWM,-100
KWN,-100
KWP,-100
KWQ,-100
KWR,-100
KWS,-100
KWT,-100
KWV,-100
KWW,-100
KWY,-100
KYA,-100
KYC,-100
KYD,-100
KYE,-100
KYF,-100
KYG,-100
KYH,-100
KYI,-100
KYK,-100
KYL,-100
KYM,-100
KYN,-100
KYP,-100
KYQ,-100
KYR,-100
KYS,-100
KYT,-100
KYV,-100
KYW,-100
KYY,-100
LAA,-100
LAC,-100
LAD,-100
LAE,-100
LAF,-100
LAG,-100
LAH,-100
LAI,-100
LAK,-100
LAL,-100
LAM,-100
LAN,-100
LAP,-100
LAQ,-100
LAR,-100
LAS,-100
LAT,-100
LAV,-100
LAW,-100
LAY,-100
LCA,-100
LCC,-100
LCD,-100
LCE,-100
LCF,-100
LCG,-100
LCH,-100
LCI,-100
LCK,-100
LCL,-0.3129026372917
LCM,-1.19847516866866
LCN,-100
LCP,-100
LCQ,-100
LCR,-1.52726900056587
LCS,-100
LCT,-100
LCV,-100
LCW,-100
LCY,-100
LDA,3.23699650564231
LDC,2.05297079155571
LDD,-1.41200878098607
LDE,0.131930018222192
LDF,3.30047617875971
LDG,2.2757065622136
LDH,2.4548898411449
LDI,2.02304674452171
LDK,-0.530437131179497
LDL,1.86329933349043
LDM,4.0534012587741
LDN,-0.0780305657535791
LDP,-0.564204983529635
LDQ,4.25836289621657
LDR,2.35455344594084
LDS,2.37466419278644
LDT,2.94939324934967
LDV,3.92977318563499
LDW,3.46372678678017
LDY,2.81229908089153
LEA,2.1876201024279
LEC,0.922229622927262
LED,-100
LEE,-1.33163420099299
LEF,3.91848471667618
LEG,-0.427820325363427
LEH,1.13977394253016
LEI,3.24138794699684
LEK,-0.685567476670258
LEL,4.13653678190894
LEM,4.7632159559289
LEN,-100
LEP,-100
LEQ,3.93113633757457
LER,0.924243055749685
LES,-0.0219836253672838
LET,-0.124982646666467
LEV,4.06650865473785
LEW,2.10223309136927
LEY,2.61976859951392
LFA,-100
LFC,-100
LFD,-100
LFE,-100
LFF,-100
LFG,-100
LFH,-100
LFI,-100
LFK,-100
LFL,-100
LFM,-100
LFN,-100
LFP,-100
LFQ,-100
LFR,-100
LFS,-100
LFT,-100
LFV,-100
LFW,-100
LFY,-100
LGA,-100
LGC,-100
LGD,-100
LGE,-100
LGF,-100
LGG,-100
LGH,-100
LGI,-100
LGK,-100
LGL,-100
LGM,-100
LGN,-100
LGP,-100
LGQ,-100
LGR,-100
LGS,-100
LGT,-100
LGV,-100
LGW,-100
LGY,-100
LHA,-100
LHC,-100
LHD,-100
LHE,-100
LHF,-100
LHG,-100
LHH,-100
LHI,-100
LHK,-100
LHL,-100
LHM,-100
LHN,-100
LHP,-100
LHQ,-100
LHR,-100
LHS,-100
LHT,-100
LHV,-100
LHW,-100
LHY,-100
LIA,-100
LIC,-100
LID,-100
LIE,-100
LIF,-100
LIG,-100
LIH,-100
LII,-100
LIK,-100
LIL,-100
LIM,-100
LIN,-100
LIP,-100
LIQ,-100
LIR,-100
LIS,-100
LIT,-100
LIV,-100
LIW,-100
LIY,-100
LKA,-100
LKC,-100
LKD,-100
LKE,-100
LKF,-100
LKG,-100
LKH,-100
LKI,-100
LKK,-100
LKL,-100
LKM,-100
LKN,-100
LKP,-100
LKQ,-100
LKR,-100
LKS,-100
LKT,-100
LKV,-100
LKW,-100
LKY,-100
LLA,-100
LLC,-100
LLD,-100
LLE,-100
LLF,-100
LLG,-100
LLH,-100
LLI,-100
LLK,-100
LLL,-100
LLM,-100
LLN,-100
LLP,-100
LLQ,-100
LLR,-100
LLS,-100
LLT,-100
LLV,-100
LLW,-100
LLY,-100
LMA,-100
LMC,-100
LMD,-100
LME,-100
LMF,-100
LMG,-100
LMH,-100
LMI,-100
LMK,-100
LML,-100
LMM,-100
LMN,-100
LMP,-100
LMQ,-100
LMR,-100
LMS,-100
LMT,-100
LMV,-100
LMW,-100
LMY,-100
LNA,-100
LNC,-100
LND,-100
LNE,-100
LNF,-100
LNG,-100
LNH,-100
LNI,-100
LNK,-100
LNL,-100
LNM,-100
LNN,-100
LNP,-100
LNQ,-100
LNR,-100
LNS,-100
LNT,-100
LNV,-100
LNW,-100
LNY,-100
LPA,-100
LPC,-100
LPD,-100
LPE,-100
LPF,-100
LPG,-100
LPH,-100
LPI,-100
LPK,-100
LPL,-100
LPM,-100
LPN,-100
LPP,-100
LPQ,-100
LPR,-100
LPS,-100
LPT,-100
LPV,-100
LPW,-100
LPY,-100
LQA,-100
LQC,-100
LQD,-100
LQE,-100
LQF,-100
LQG,-100
LQH,-100
LQI,-100
LQK,-100
LQL,-100
LQM,-100
LQN,-100
LQP,-100
LQQ,-100
LQR,-100
LQS,-100
LQT,-100
LQV,-100
LQW,-100
LQY,-100
LRA,-100
LRC,-100
LRD,-100
LRE,-100
LRF,-100
LRG,-100
LRH,-100
LRI,-100
LRK,-100
LRL,-100
LRM,-100
LRN,-100
LRP,-100
LRQ,-100
LRR,-100
LRS,-100
LRT,-100
LRV,-100
LRW,-100
LRY,-100
LSA,-100
LSC,-100
LSD,-100
LSE,-100
LSF,-100
LSG,-100
LSH,-100
LSI,-100
LSK,-100
LSL,-100
LSM,-100
LSN,-100
LSP,-100
LSQ,-100
LSR,-100
LSS,-100
LST,-100
LSV,-100
LSW,-100
LSY,-100
LTA,-100
LTC,-100
LTD,-100
LTE,-100
LTF,-100
LTG,-100
LTH,-100
LTI,-100
LTK,-100
LTL,-100
LTM,-100
LTN,-100
LTP,-100
LTQ,-100
LTR,-100
LTS,-100
LTT,-100
LTV,-100
LTW,-100
LTY,-100
LVA,-100
LVC,-100
LVD,-100
LVE,-100
LVF,-100
LVG,-100
LVH,-100
LVI,-100
LVK,-100
LVL,-100
LVM,-100
LVN,-100
LVP,-100
LVQ,-100
LVR,-100
LVS,-100
LVT,-100
LVV,-100
LVW,-100
LVY,-100
LWA,-100
LWC,-100
LWD,-100
LWE,-100
LWF,-100
LWG,-100
LWH,-100
LWI,-100
LWK,-100
LWL,-100
LWM,-100
LWN,-100
LWP,-100
LWQ,-100
LWR,-100
LWS,-100
LWT,-100
LWV,-100
LWW,-100
LWY,-100
LYA,-100
LYC,-100
LYD,-100
LYE,-100
LYF,-100
LYG,-100
LYH,-100
LYI,-100
LYK,-100
LYL,-100
LYM,-100
LYN,-100
LYP,-100
LYQ,-100
LYR,-100
LYS,-100
LYT,-100
LYV,-100
LYW,-100
LYY,-100
MAA,-100
MAC,-100
MAD,-100
MAE,-100
MAF,-100
MAG,-100
MAH,-100
MAI,-100
MAK,-100
MAL,-100
MAM,-100
MAN,-100
MAP,-100
MAQ,-100
MAR,-100
MAS,-100
MAT,-100
MAV,-100
MAW,-100
MAY,-100
MCA,-100
MCC,-100
MCD,-100
MCE,-100
MCF,-1.31065185391344
MCG,-100
MCH,-100
MCI,-1.46434646639682
MCK,-1.43453817506088
MCL,0.903556703357026
MCM,-0.589223822928034
MCN,-100
MCP,-100
MCQ,-1.53436929706368
MCR,-1.20738194748992
MCS,-100
MCT,-100
MCV,-100
MCW,-100
MCY,-100
MDA,2.54249014344532
MDC,1.82490714569576
MDD,-1.4984293753223
MDE,-0.661912391195074
MDF,2.33990330796223
MDG,2.06944690836826
MDH,1.63593256595777
MDI,0.62417517695576
MDK,-0.358490354381502
MDL,0.669260791735724
MDM,2.85170172061771
MDN,0.71965707920026
MDP,-0.404103172942996
MDQ,3.9198612193577
MDR,2.659740898991
MDS,2.69445972656831
MDT,3.08597072295379
MDV,3.38335472869221
MDW,3.29293023259379
MDY,2.11756670178147
MEA,1.16462192067411
MEC,0.498556879349053
MED,-100
MEE,-100
MEF,3.33195318002254
MEG,-0.845133608207107
MEH,-0.177383056841791
MEI,2.51624324673321
MEK,-0.869197841850109
MEL,3.79830687097274
MEM,4.59254243131727
MEN,-100
MEP,-100
MEQ,2.51482359194779
MER,-0.420590409892611
MES,-0.0882722716778517
MET,-0.00523939915001392
MEV,3.32170499954373
MEW,0.986943909025285
MEY,1.92916369449813
MFA,-100
MFC,-100
MFD,-100
MFE,-100
MFF,-100
MFG,-100
MFH,-100
MFI,-100
MFK,-100
MFL,-100
MFM,-100
MFN,-100
MFP,-100
MFQ,-100
MFR,-100
MFS,-100
MFT,-100
MFV,-100
MFW,-100
MFY,-100
MGA,-100
MGC,-100
MGD,-100
MGE,-100
MGF,-100
MGG,-100
MGH,-100
MGI,-100
MGK,-100
MGL,-100
MGM,-100
MGN,-100
MGP,-100
MGQ,-100
MGR,-100
MGS,-100
MGT,-100
MGV,-100
MGW,-100
MGY,-100
MHA,-100
MHC,-100
MHD,-100
MHE,-100
MHF,-100
MHG,-100
MHH,-100
MHI,-100
MHK,-100
MHL,-100
MHM,-100
MHN,-100
MHP,-100
MHQ,-100
MHR,-100
MHS,-100
MHT,-100
MHV,-100
MHW,-100
MHY,-100
MIA,-100
MIC,-100
MID,-100
MIE,-100
MIF,-100
MIG,-100
MIH,-100
MII,-100
MIK,-100
MIL,-100
MIM,-100
MIN,-100
MIP,-100
MIQ,-100
MIR,-100
MIS,-100
MIT,-100
MIV,-100
MIW,-100
MIY,-100
MKA,-100
MKC,-100
MKD,-100
MKE,-100
MKF,-100
MKG,-100
MKH,-100
MKI,-100
MKK,-100
MKL,-100
MKM,-100
MKN,-100
MKP,-100
MKQ,-100
MKR,-100
MKS,-100
MKT,-100
MKV,-100
MKW,-100
MKY,-100
MLA,-100
MLC,-100
MLD,-100
MLE,-100
MLF,-100
MLG,-100
MLH,-100
MLI,-100
MLK,-100
MLL,-100
MLM,-100
MLN,-100
MLP,-100
MLQ,-100
MLR,-100
MLS,-100
MLT,-100
MLV,-100
MLW,-100
MLY,-100
MMA,-100
MMC,-100
MMD,-100
MME,-100
MMF,-100
MMG,-100
MMH,-100
MMI,-100
MMK,-100
MML,-100
MMM,-100
MMN,-100
MMP,-100
MMQ,-100
MMR,-100
MMS,-100
MMT,-100
MMV,-100
MMW,-100
MMY,-100
MNA,-100
MNC,-100
MND,-100
MNE,-100
MNF,-100
MNG,-100
MNH,-100
MNI,-100
MNK,-100
MNL,-100
MNM,-100
MNN,-100
MNP,-100
MNQ,-100
MNR,-100
MNS,-100
MNT,-100
MNV,-100
MNW,-100
MNY,-100
MPA,-100
MPC,-100
MPD,-100
MPE,-100
MPF,-100
MPG,-100
MPH,-100
MPI,-100
MPK,-100
MPL,-100
MPM,-100
MPN,-100
MPP,-100
MPQ,-100
MPR,-100
MPS,-100
MPT,-100
MPV,-100
MPW,-100
MPY,-100
MQA,-100
MQC,-100
MQD,-100
MQE,-100
MQF,-100
MQG,-100
MQH,-100
MQI,-100
MQK,-100
MQL,-100
MQM,-100
MQN,-100
MQP,-100
MQQ,-100
MQR,-100
MQS,-100
MQT,-100
MQV,-100
MQW,-100
MQY,-100
MRA,-100
MRC,-100
MRD,-100
MRE,-100
MRF,-100
MRG,-100
MRH,-100
MRI,-100
MRK,-100
MRL,-100
MRM,-100
MRN,-100
MRP,-100
MRQ,-100
MRR,-100
MRS,-100
MRT,-100
MRV,-100
MRW,-100
MRY,-100
MSA,-100
MSC,-100
MSD,-100
MSE,-100
MSF,-100
MSG,-100
MSH,-100
MSI,-100
MSK,-100
MSL,-100
MSM,-100
MSN,-100
MSP,-100
MSQ,-100
MSR,-100
MSS,-100
MST,-100
MSV,-100
MSW,-100
MSY,-100
MTA,-100
MTC,-100
MTD,-100
MTE,-100
MTF,-100
MTG,-100
MTH,-100
MTI,-100
MTK,-100
MTL,-100
MTM,-100
MTN,-100
MTP,-100
MTQ,-100
MTR,-100
MTS,-100
MTT,-100
MTV,-100
MTW,-100
MTY,-100
MVA,-100
MVC,-100
MVD,-100
MVE,-100
MVF,-100
MVG,-100
MVH,-100
MVI,-100
MVK,-100
MVL,-100
MVM,-100
MVN,-100
MVP,-100
MVQ,-100
MVR,-100
MVS,-100
MVT,-100
MVV,-100
MVW,-100
MVY,-100
MWA,-100
MWC,-100
MWD,-100
MWE,-100
MWF,-100
MWG,-100
MWH,-100
MWI,-100
MWK,-100
MWL,-100
MWM,-100
MWN,-100
MWP,-100
MWQ,-100
MWR,-100
MWS,-100
MWT,-100
MWV,-100
MWW,-100
MWY,-100
MYA,-100
MYC,-100
MYD,-100
MYE,-100
MYF,-100
MYG,-100
MYH,-100
MYI,-100
MYK,-100
MYL,-100
MYM,-100
MYN,-100
MYP,-100
MYQ,-100
MYR,-100
MYS,-100
MYT,-100
MYV,-100
MYW,-100
MYY,-100
NAA,-100
NAC,-100
NAD,-100
NAE,-100
NAF,-100
NAG,-100
NAH,-100
NAI,-100
NAK,-100
NAL,-100
NAM,-100
NAN,-100
NAP,-100
NAQ,-100
NAR,-100
NAS,-100
NAT,-100
NAV,-100
NAW,-100
NAY,-100
NCA,-100
NCC,-100
NCD,-100
NCE,-100
NCF,-1.42985213384964
NCG,-100
NCH,-100
NCI,-1.36320405697916
NCK,-1.42046955676051
NCL,0.885765144601464
NCM,-0.541538740741089
NCN,-100
NCP,-100
NCQ,-1.54807094018906
NCR,-1.3075823829131
NCS,-100
NCT,-100
NCV,-100
NCW,-100
NCY,-100
NDA,3.06191726785619
NDC,2.57294783485122
NDD,-1.38037618435919
NDE,-0.0446454276097938
NDF,3.29485980770551
NDG,2.99079468869604
NDH,2.3592705730116
NDI,1.01076212804765
NDK,-0.560297732939944
NDL,0.64086064370349
NDM,3.3405210650526
NDN,1.9083461931441
NDP,-0.336487373424461
NDQ,4.0114179267548
NDR,2.17134017054923
NDS,3.57903353520669
NDT,3.67172340920661
NDV,3.59100533719175
NDW,4.094349833671
NDY,3.11387119209394
NEA,2.09909242179128
NEC,1.8907108604908
NED,-100
NEE,-1.23853888025042
NEF,3.9057893876452
NEG,0.469534684438258
NEH,0.850161011941964
NEI,2.5183449620381
NEK,-0.848191548138857
NEL,3.19970763009042
NEM,4.55552879418246
NEN,-0.509626940533053
NEP,-1.52453320170753
NEQ,2.89113987679593
NER,-0.0384064023382962
NES,2.13057941524312
NET,3.2082560537383
NEV,3.73912082484458
NEW,2.62346741417423
NEY,3.06449065706693
NFA,-100
NFC,-100
NFD,-100
NFE,-100
NFF,-100
NFG,-100
NFH,-100
NFI,-100
NFK,-100
NFL,-100
NFM,-100
NFN,-100
NFP,-100
NFQ,-100
NFR,-100
NFS,-100
NFT,-100
NFV,-100
NFW,-100
NFY,-100
NGA,-100
NGC,-100
NGD,-100
NGE,-100
NGF,-100
NGG,-100
NGH,-100
NGI,-100
NGK,-100
NGL,-100
NGM,-100
NGN,-100
NGP,-100
NGQ,-100
NGR,-100
NGS,-100
NGT,-100
NGV,-100
NGW,-100
NGY,-100
NHA,-100
NHC,-100
NHD,-100
NHE,-100
NHF,-100
NHG,-100
NHH,-100
NHI,-100
NHK,-100
NHL,-100
NHM,-100
NHN,-100
NHP,-100
NHQ,-100
NHR,-100
NHS,-100
NHT,-100
NHV,-100
NHW,-100
NHY,-100
NIA,-100
NIC,-100
NID,-100
NIE,-100
NIF,-100
NIG,-100
NIH,-100
NII,-100
NIK,-100
NIL,-100
NIM,-100
NIN,-100
NIP,-100
NIQ,-100
NIR,-100
NIS,-100
NIT,-100
NIV,-100
NIW,-100
NIY,-100
NKA,-100
NKC,-100
NKD,-100
NKE,-100
NKF,-100
NKG,-100
NKH,-100
NKI,-100
NKK,-100
NKL,-100
NKM,-100
NKN,-100
NKP,-100
NKQ,-100
NKR,-100
NKS,-100
NKT,-100
NKV,-100
NKW,-100
NKY,-100
NLA,-100
NLC,-100
NLD,-100
NLE,-100
NLF,-100
NLG,-100
NLH,-100
NLI,-100
NLK,-100
NLL,-100
NLM,-100
NLN,-100
NLP,-100
NLQ,-100
NLR,-100
NLS,-100
NLT,-100
NLV,-100
NLW,-100
NLY,-100
NMA,-100
NMC,-100
NMD,-100
NME,-100
NMF,-100
NMG,-100
NMH,-100
NMI,-100
NMK,-100
NML,-100
NMM,-100
NMN,-100
NMP,-100
NMQ,-100
NMR,-100
NMS,-100
NMT,-100
NMV,-100
NMW,-100
NMY,-100
NNA,-100
NNC,-100
NND,-100
NNE,-100
NNF,-100
NNG,-100
NNH,-100
NNI,-100
NNK,-100
NNL,-100
NNM,-100
NNN,-100
NNP,-100
NNQ,-100
NNR,-100
NNS,-100
NNT,-100
NNV,-100
NNW,-100
NNY,-100
NPA,-100
NPC,-100
NPD,-100
NPE,-100
NPF,-100
NPG,-100
NPH,-100
NPI,-100
NPK,-100
NPL,-100
NPM,-100
NPN,-100
NPP,-100
NPQ,-100
NPR,-100
NPS,-100
NPT,-100
NPV,-100
NPW,-100
NPY,-100
NQA,-100
NQC,-100
NQD,-100
NQE,-100
NQF,-100
NQG,-100
NQH,-100
NQI,-100
NQK,-100
NQL,-100
NQM,-100
NQN,-100
NQP,-100
NQQ,-100
NQR,-100
NQS,-100
NQT,-100
NQV,-100
NQW,-100
NQY,-100
NRA,-1.04261733591557
NRC,-100
NRD,-100
NRE,-100
NRF,-100
NRG,-100
NRH,-100
NRI,-100
NRK,-100
NRL,-100
NRM,-100
NRN,-100
NRP,-100
NRQ,-100
NRR,-100
NRS,-100
NRT,-100
NRV,-100
NRW,-100
NRY,-100
NSA,-100
NSC,-100
NSD,-100
NSE,-100
NSF,-100
NSG,-100
NSH,-100
NSI,-100
NSK,-100
NSL,-100
NSM,-100
NSN,-100
NSP,-100
NSQ,-100
NSR,-100
NSS,-100
NST,-100
NSV,-100
NSW,-100
NSY,-100
NTA,-100
NTC,-100
NTD,-100
NTE,-100
NTF,-100
NTG,-100
NTH,-100
NTI,-100
NTK,-100
NTL,-100
NTM,-100
NTN,-100
NTP,-100
NTQ,-100
NTR,-100
NTS,-100
NTT,-100
NTV,-100
NTW,-100
NTY,-100
NVA,-100
NVC,-100
NVD,-100
NVE,-100
NVF,-100
NVG,-100
NVH,-100
NVI,-100
NVK,-100
NVL,-100
NVM,-100
NVN,-100
NVP,-100
NVQ,-100
NVR,-100
NVS,-100
NVT,-100
NVV,-100
NVW,-100
NVY,-100
NWA,-100
NWC,-100
NWD,-100
NWE,-100
NWF,-100
NWG,-100
NWH,-100
NWI,-100
NWK,-100
NWL,-100
NWM,-100
NWN,-100
NWP,-100
NWQ,-100
NWR,-100
NWS,-100
NWT,-100
NWV,-100
NWW,-100
NWY,-100
NYA,-100
NYC,-100
NYD,-100
NYE,-100
NYF,-100
NYG,-100
NYH,-100
NYI,-100
NYK,-100
NYL,-100
NYM,-100
NYN,-100
NYP,-100
NYQ,-100
NYR,-100
NYS,-100
NYT,-100
NYV,-100
NYW,-100
NYY,-100
PAA,-100
PAC,-100
PAD,-100
PAE,-100
PAF,-100
PAG,-100
PAH,-100
PAI,-100
PAK,-100
PAL,-100
PAM,-100
PAN,-100
PAP,-100
PAQ,-100
PAR,-100
PAS,-100
PAT,-100
PAV,-100
PAW,-100
PAY,-100
PCA,-100
PCC,-100
PCD,-100
PCE,-100
PCF,-1.46051760937553
PCG,-100
PCH,-100
PCI,-1.50028824241599
PCK,-1.52055210387334
PCL,0.693521752022207
PCM,-0.430833077291027
PCN,-100
PCP,-100
PCQ,-100
PCR,-100
PCS,-100
PCT,-1.41888709482737
PCV,-100
PCW,-100
PCY,-100
PDA,1.3133234702982
PDC,0.806105028488673
PDD,-100
PDE,-1.3416914131958
PDF,1.08069126936607
PDG,1.43786701350473
PDH,0.531434688833542
PDI,-0.0581857677316293
PDK,-0.742027427535504
PDL,0.268127248855308
PDM,2.46223632969486
PDN,-0.00336195033742115
PDP,-0.48325967323035
PDQ,2.89952847803943
PDR,1.36855973425554
PDS,1.97918766585644
PDT,2.51046332088299
PDV,2.62684760050615
PDW,1.55154565628618
PDY,0.648285489995033
PEA,0.140657891985029
PEC,-0.0773709375935141
PED,-100
PEE,-100
PEF,1.54507107753307
PEG,-1.01334681542357
PEH,-0.791310751112178
PEI,1.90084732007381
PEK,-0.995473637478426
PEL,3.48200367251411
PEM,4.36773281916976
PEN,-100
PEP,-100
PEQ,1.96557648842645
PER,-1.01376141188666
PES,0.222144053550437
PET,1.55428712954745
PEV,2.5962914757547
PEW,-0.936475031077862
PEY,0.37874767370522
PFA,-100
PFC,-100
PFD,-100
PFE,-100
PFF,-100
PFG,-100
PFH,-100
PFI,-100
PFK,-100
PFL,-100
PFM,-100
PFN,-100
PFP,-100
PFQ,-100
PFR,-100
PFS,-100
PFT,-100
PFV,-100
PFW,-100
PFY,-100
PGA,-100
PGC,-100
PGD,-100
PGE,-100
PGF,-100
PGG,-100
PGH,-100
PGI,-100
PGK,-100
PGL,-100
PGM,-100
PGN,-100
PGP,-100
PGQ,-100
PGR,-100
PGS,-100
PGT,-100
PGV,-100
PGW,-100
PGY,-100
PHA,-100
PHC,-100
PHD,-100
PHE,-100
PHF,-100
PHG,-100
PHH,-100
PHI,-100
PHK,-100
PHL,-100
PHM,-100
PHN,-100
PHP,-100
PHQ,-100
PHR,-100
PHS,-100
PHT,-100
PHV,-100
PHW,-100
PHY,-100
PIA,-100
PIC,-100
PID,-100
PIE,-100
PIF,-100
PIG,-100
PIH,-100
PII,-100
PIK,-100
PIL,-100
PIM,-100
PIN,-100
PIP,-100
PIQ,-100
PIR,-100
PIS,-100
PIT,-100
PIV,-100
PIW,-100
PIY,-100
PKA,-100
PKC,-100
PKD,-100
PKE,-100
PKF,-100
PKG,-100
PKH,-100
PKI,-100
PKK,-100
PKL,-100
PKM,-100
PKN,-100
PKP,-100
PKQ,-100
PKR,-100
PKS,-100
PKT,-100
PKV,-100
PKW,-100
PKY,-100
PLA,-100
PLC,-100
PLD,-100
PLE,-100
PLF,-100
PLG,-100
PLH,-100
PLI,-100
PLK,-100
PLL,-100
PLM,-100
PLN,-100
PLP,-100
PLQ,-100
PLR,-100
PLS,-100
PLT,-100
PLV,-100
PLW,-100
PLY,-100
PMA,-100
PMC,-100
PMD,-100
PME,-100
PMF,-100
PMG,-100
PMH,-100
PMI,-100
PMK,-100
PML,-100
PMM,-100
PMN,-100
PMP,-100
PMQ,-100
PMR,-100
PMS,-100
PMT,-100
PMV,-100
PMW,-100
PMY,-100
PNA,-100
PNC,-100
PND,-100
PNE,-100
PNF,-100
PNG,-100
PNH,-100
PNI,-100
PNK,-100
PNL,-100
PNM,-100
PNN,-100
PNP,-100
PNQ,-100
PNR,-100
PNS,-100
PNT,-100
PNV,-100
PNW,-100
PNY,-100
PPA,-100
PPC,-100
PPD,-100
PPE,-100
PPF,-100
PPG,-100
PPH,-100
PPI,-100
PPK,-100
PPL,-100
PPM,-100
PPN,-100
PPP,-100
PPQ,-100
PPR,-100
PPS,-100
PPT,-100
PPV,-100
PPW,-100
PPY,-100
PQA,-100
PQC,-100
PQD,-100
PQE,-100
PQF,-100
PQG,-100
PQH,-100
PQI,-100
PQK,-100
PQL,-100
PQM,-100
PQN,-100
PQP,-100
PQQ,-100
PQR,-100
PQS,-100
PQT,-100
PQV,-100
PQW,-100
PQY,-100
PRA,-100
PRC,-100
PRD,-100
PRE,-100
PRF,-100
PRG,-100
PRH,-100
PRI,-100
PRK,-100
PRL,-100
PRM,-100
PRN,-100
PRP,-100
PRQ,-100
PRR,-100
PRS,-100
PRT,-100
PRV,-100
PRW,-100
PRY,-100
PSA,-100
PSC,-100
PSD,-100
PSE,-100
PSF,-100
PSG,-100
PSH,-100
PSI,-100
PSK,-100
PSL,-100
PSM,-100
PSN,-100
PSP,-100
PSQ,-100
PSR,-100
PSS,-100
PST,-100
PSV,-100
PSW,-100
PSY,-100
PTA,-100
PTC,-100
PTD,-100
PTE,-100
PTF,-100
PTG,-100
PTH,-100
PTI,-100
PTK,-100
PTL,-100
PTM,-100
PTN,-100
PTP,-100
PTQ,-100
PTR,-100
PTS,-100
PTT,-100
PTV,-100
PTW,-100
PTY,-100
PVA,-100
PVC,-100
PVD,-100
PVE,-100
PVF,-100
PVG,-100
PVH,-100
PVI,-100
PVK,-100
PVL,-100
PVM,-100
PVN,-100
PVP,-100
PVQ,-100
PVR,-100
PVS,-100
PVT,-100
PVV,-100
PVW,-100
PVY,-100
PWA,-100
PWC,-100
PWD,-100
PWE,-100
PWF,-100
PWG,-100
PWH,-100
PWI,-100
PWK,-100
PWL,-100
PWM,-100
PWN,-100
PWP,-100
PWQ,-100
PWR,-100
PWS,-100
PWT,-100
PWV,-100
PWW,-100
PWY,-100
PYA,-100
PYC,-100
PYD,-100
PYE,-100
PYF,-100
PYG,-100
PYH,-100
PYI,-100
PYK,-100
PYL,-100
PYM,-100
PYN,-100
PYP,-100
PYQ,-100
PYR,-100
PYS,-100
PYT,-100
PYV,-100
PYW,-100
PYY,-100
QAA,-100
QAC,-100
QAD,-100
QAE,-100
QAF,-100
QAG,-100
QAH,-100
QAI,-100
QAK,-100
QAL,-100
QAM,-100
QAN,-100
QAP,-100
QAQ,-100
QAR,-100
QAS,-100
QAT,-100
QAV,-100
QAW,-100
QAY,-100
QCA,-100
QCC,-100
QCD,-100
QCE,-100
QCF,-1.56099503958831
QCG,-100
QCH,-100
QCI,-100
QCK,-100
QCL,0.219302215002244
QCM,-0.836378621286713
QCN,-100
QCP,-100
QCQ,-100
QCR,-1.44777131700539
QCS,-100
QCT,-100
QCV,-100
QCW,-100
QCY,-100
QDA,2.20764377742307
QDC,1.53790435529663
QDD,-100
QDE,-0.897614772198722
QDF,2.03816360945348
QDG,1.88149622260244
QDH,1.40309835693915
QDI,0.178748228121549
QDK,-0.710631658090279
QDL,0.349680362152867
QDM,2.68817337672226
QDN,0.909856993239373
QDP,-0.687646454898641
QDQ,3.51258798784693
QDR,2.29300982190762
QDS,2.62016305746511
QDT,2.87345985299908
QDV,3.10814835075871
QDW,2.77933862380451
QDY,1.69575220860133
QEA,1.43982131162193
QEC,1.23855494498275
QED,-100
QEE,-1.49175561068114
QEF,3.49017668177839
QEG,-0.374208783381619
QEH,0.460100889438763
QEI,2.82721687902813
QEK,-0.897504484746605
QEL,3.78877847985132
QEM,4.67972791084321
QEN,-0.97567611944396
QEP,-100
QEQ,2.89025192544796
QER,-0.042449910659343
QES,1.48688725940883
QET,2.33104425435886
QEV,3.61769044224638
QEW,2.07719821715727
QEY,2.28225880797254
QFA,-100
QFC,-100
QFD,-100
QFE,-100
QFF,-100
QFG,-100
QFH,-100
QFI,-100
QFK,-100
QFL,-100
QFM,-100
QFN,-100
QFP,-100
QFQ,-100
QFR,-100
QFS,-100
QFT,-100
QFV,-100
QFW,-100
QFY,-100
QGA,-100
QGC,-100
QGD,-100
QGE,-100
QGF,-100
QGG,-100
QGH,-100
QGI,-100
QGK,-100
QGL,-100
QGM,-100
QGN,-100
QGP,-100
QGQ,-100
QGR,-100
QGS,-100
QGT,-100
QGV,-100
QGW,-100
QGY,-100
QHA,-100
QHC,-100
QHD,-100
QHE,-100
QHF,-100
QHG,-100
QHH,-100
QHI,-100
QHK,-100
QHL,-100
QHM,-100
QHN,-100
QHP,-100
QHQ,-100
QHR,-100
QHS,-100
QHT,-100
QHV,-100
QHW,-100
QHY,-100
QIA,-100
QIC,-100
QID,-100
QIE,-100
QIF,-100
QIG,-100
QIH,-100
QII,-100
QIK,-100
QIL,-100
QIM,-100
QIN,-100
QIP,-100
QIQ,-100
QIR,-100
QIS,-100
QIT,-100
QIV,-100
QIW,-100
QIY,-100
QKA,-100
QKC,-100
QKD,-100
QKE,-100
QKF,-100
QKG,-100
QKH,-100
QKI,-100
QKK,-100
QKL,-100
QKM,-100
QKN,-100
QKP,-100
QKQ,-100
QKR,-100
QKS,-100
QKT,-100
QKV,-100
QKW,-100
QKY,-100
QLA,-100
QLC,-100
QLD,-100
QLE,-100
QLF,-100
QLG,-100
QLH,-100
QLI,-100
QLK,-100
QLL,-100
QLM,-100
QLN,-100
QLP,-100
QLQ,-100
QLR,-100
QLS,-100
QLT,-100
QLV,-100
QLW,-100
QLY,-100
QMA,-100
QMC,-100
QMD,-100
QME,-100
QMF,-100
QMG,-100
QMH,-100
QMI,-100
QMK,-100
QML,-100
QMM,-100
QMN,-100
QMP,-100
QMQ,-100
QMR,-100
QMS,-100
QMT,-100
QMV,-100
QMW,-100
QMY,-100
QNA,-100
QNC,-100
QND,-100
QNE,-100
QNF,-100
QNG,-100
QNH,-100
QNI,-100
QNK,-100
QNL,-100
QNM,-100
QNN,-100
QNP,-100
QNQ,-100
QNR,-100
QNS,-100
QNT,-100
QNV,-100
QNW,-100
QNY,-100
QPA,-100
QPC,-100
QPD,-100
QPE,-100
QPF,-100
QPG,-100
QPH,-100
QPI,-100
QPK,-100
QPL,-100
QPM,-100
QPN,-100
QPP,-100
QPQ,-100
QPR,-100
QPS,-100
QPT,-100
QPV,-100
QPW,-100
QPY,-100
QQA,-100
QQC,-100
QQD,-100
QQE,-100
QQF,-100
QQG,-100
QQH,-100
QQI,-100
QQK,-100
QQL,-100
QQM,-100
QQN,-100
QQP,-100
QQQ,-100
QQR,-100
QQS,-100
QQT,-100
QQV,-100
QQW,-100
QQY,-100
QRA,-100
QRC,-100
QRD,-100
QRE,-100
QRF,-100
QRG,-100
QRH,-100
QRI,-100
QRK,-100
QRL,-100
QRM,-100
QRN,-100
QRP,-100
QRQ,-1.45883503602818
QRR,-100
QRS,-100
QRT,-100
QRV,-100
QRW,-100
QRY,-100
QSA,-100
QSC,-100
QSD,-100
QSE,-100
QSF,-100
QSG,-100
QSH,-100
QSI,-100
QSK,-100
QSL,-100
QSM,-100
QSN,-100
QSP,-100
QSQ,-100
QSR,-100
QSS,-100
QST,-100
QSV,-100
QSW,-100
QSY,-100
QTA,-100
QTC,-100
QTD,-100
QTE,-100
QTF,-100
QTG,-100
QTH,-100
QTI,-100
QTK,-100
QTL,-100
QTM,-100
QTN,-100
QTP,-100
QTQ,-100
QTR,-100
QTS,-100
QTT,-100
QTV,-100
QTW,-100
QTY,-100
QVA,-100
QVC,-100
QVD,-100
QVE,-100
QVF,-100
QVG,-100
QVH,-100
QVI,-100
QVK,-100
QVL,-100
QVM,-100
QVN,-100
QVP,-100
QVQ,-100
QVR,-100
QVS,-100
QVT,-100
QVV,-100
QVW,-100
QVY,-100
QWA,-100
QWC,-100
QWD,-100
QWE,-100
QWF,-100
QWG,-100
QWH,-100
QWI,-100
QWK,-100
QWL,-100
QWM,-100
QWN,-100
QWP,-100
QWQ,-100
QWR,-100
QWS,-100
QWT,-100
QWV,-100
QWW,-100
QWY,-100
QYA,-100
QYC,-100
QYD,-100
QYE,-100
QYF,-100
QYG,-100
QYH,-100
QYI,-100
QYK,-100
QYL,-100
QYM,-100
QYN,-100
QYP,-100
QYQ,-100
QYR,-100
QYS,-100
QYT,-100
QYV,-100
QYW,-100
QYY,-100
RAA,-100
RAC,-100
RAD,-100
RAE,-100
RAF,-100
RAG,-100
RAH,-100
RAI,-100
RAK,-100
RAL,-100
RAM,-100
RAN,-100
RAP,-100
RAQ,-100
RAR,-100
RAS,-100
RAT,-100
RAV,-100
RAW,-100
RAY,-100
RCA,-100
RCC,-100
RCD,-100
RCE,-100
RCF,-100
RCG,-100
RCH,-100
RCI,-100
RCK,-100
RCL,0.615775962593034
RCM,-0.719967861194164
RCN,-100
RCP,-100
RCQ,-100
RCR,-1.42772845129366
RCS,-100
RCT,-100
RCV,-100
RCW,-100
RCY,-100
RDA,3.45953845023178
RDC,2.48247931234073
RDD,-1.32599443569779
RDE,0.210526817245409
RDF,2.83574762142962
RDG,3.15736289205961
RDH,2.34747030294966
RDI,1.23801845381968
RDK,-0.638618794037029
RDL,0.890535077080131
RDM,3.40436987346038
RDN,2.08528191223741
RDP,-0.412187172682025
RDQ,3.98866530554369
RDR,2.32000792538747
RDS,3.54711790266447
RDT,3.69280716928188
RDV,3.81051374471281
RDW,3.8372603689786
RDY,2.75789322378114
REA,2.35557795222849
REC,1.70939397485927
RED,-100
REE,-1.32363392994739
REF,3.92002401279751
REG,0.591654307674617
REH,1.14960044738837
REI,3.09677776368335
REK,-0.934998054988682
REL,3.92211270472035
REM,4.72694880212657
REN,-0.802824766840786
REP,-100
REQ,3.38257068127859
RER,0.40234542475082
RES,1.94945084047504
RET,2.46244084951468
REV,3.99600481331436
REW,2.5627941377461
REY,2.96181969740428
RFA,-100
RFC,-100
RFD,-100
RFE,-100
RFF,-100
RFG,-100
RFH,-100
RFI,-100
RFK,-100
RFL,-100
RFM,-100
RFN,-100
RFP,-100
RFQ,-100
RFR,-100
RFS,-100
RFT,-100
RFV,-100
RFW,-100
RFY,-100
RGA,-100
RGC,-100
RGD,-100
RGE,-100
RGF,-100
RGG,-100
RGH,-100
RGI,-100
RGK,-100
RGL,-100
RGM,-100
RGN,-100
RGP,-100
RGQ,-100
RGR,-100
RGS,-100
RGT,-100
RGV,-100
RGW,-100
RGY,-100
RHA,-100
RHC,-100
RHD,-100
RHE,-100
RHF,-100
RHG,-100
RHH,-100
RHI,-100
RHK,-100
RHL,-100
RHM,-100
RHN,-100
RHP,-100
RHQ,-100
RHR,-100
RHS,-100
RHT,-100
RHV,-100
RHW,-100
RHY,-100
RIA,-100
RIC,-100
RID,-100
RIE,-100
RIF,-100
RIG,-100
RIH,-100
RII,-100
RIK,-100
RIL,-100
RIM,-100
RIN,-100
RIP,-100
RIQ,-100
RIR,-100
RIS,-100
RIT,-100
RIV,-100
RIW,-100
RIY,-100
RKA,-100
RKC,-100
RKD,-100
RKE,-100
RKF,-100
RKG,-100
RKH,-100
RKI,-100
RKK,-100
RKL,-100
RKM,-100
RKN,-100
RKP,-100
RKQ,-100
RKR,-100
RKS,-100
RKT,-100
RKV,-100
RKW,-100
RKY,-100
RLA,-100
RLC,-100
RLD,-100
RLE,-100
RLF,-100
RLG,-100
RLH,-100
RLI,-100
RLK,-100
RLL,-100
RLM,-100
RLN,-100
RLP,-100
RLQ,-100
RLR,-100
RLS,-100
RLT,-100
RLV,-100
RLW,-100
RLY,-100
RMA,-100
RMC,-100
RMD,-100
RME,-100
RMF,-100
RMG,-100
RMH,-100
RMI,-100
RMK,-100
RML,-100
RMM,-100
RMN,-100
RMP,-100
RMQ,-100
RMR,-100
RMS,-100
RMT,-100
RMV,-100
RMW,-100
RMY,-100
RNA,-100
RNC,-100
RND,-100
RNE,-100
RNF,-100
RNG,-100
RNH,-100
RNI,-100
RNK,-100
RNL,-100
RNM,-100
RNN,-100
RNP,-100
RNQ,-100
RNR,-100
RNS,-100
RNT,-100
RNV,-100
RNW,-100
RNY,-100
RPA,-100
RPC,-100
RPD,-100
RPE,-100
RPF,-100
RPG,-100
RPH,-100
RPI,-100
RPK,-100
RPL,-100
RPM,-100
RPN,-100
RPP,-100
RPQ,-100
RPR,-100
RPS,-100
RPT,-100
RPV,-100
RPW,-100
RPY,-100
RQA,-100
RQC,-100
RQD,-100
RQE,-100
RQF,-100
RQG,-100
RQH,-100
RQI,-100
RQK,-100
RQL,-100
RQM,-100
RQN,-100
RQP,-100
RQQ,-100
RQR,-100
RQS,-100
RQT,-100
RQV,-100
RQW,-100
RQY,-100
RRA,-100
RRC,-100
RRD,-100
RRE,-100
RRF,-100
RRG,-100
RRH,-100
RRI,-100
RRK,-100
RRL,-100
RRM,-100
RRN,-100
RRP,-100
RRQ,-100
RRR,-100
RRS,-100
RRT,-100
RRV,-100
RRW,-100
RRY,-100
RSA,-100
RSC,-100
RSD,-100
RSE,-100
RSF,-100
RSG,-100
RSH,-100
RSI,-100
RSK,-100
RSL,-100
RSM,-100
RSN,-100
RSP,-100
RSQ,-100
RSR,-100
RSS,-100
RST,-100
RSV,-100
RSW,-100
RSY,-100
RTA,-100
RTC,-100
RTD,-100
RTE,-100
RTF,-100
RTG,-100
RTH,-100
RTI,-100
RTK,-100
RTL,-100
RTM,-100
RTN,-100
RTP,-100
RTQ,-100
RTR,-100
RTS,-100
RTT,-100
RTV,-100
RTW,-100
RTY,-100
RVA,-100
RVC,-100
RVD,-100
RVE,-100
RVF,-100
RVG,-100
RVH,-100
RVI,-100
RVK,-100
RVL,-100
RVM,-100
RVN,-100
RVP,-100
RVQ,-100
RVR,-100
RVS,-100
RVT,-100
RVV,-100
RVW,-100
RVY,-100
RWA,-100
RWC,-100
RWD,-100
RWE,-100
RWF,-100
RWG,-100
RWH,-100
RWI,-100
RWK,-100
RWL,-100
RWM,-100
RWN,-100
RWP,-100
RWQ,-100
RWR,-100
RWS,-100
RWT,-100
RWV,-100
RWW,-100
RWY,-100
RYA,-100
RYC,-100
RYD,-100
RYE,-100
RYF,-100
RYG,-100
RYH,-100
RYI,-100
RYK,-100
RYL,-100
RYM,-100
RYN,-100
RYP,-100
RYQ,-100
RYR,-100
RYS,-100
RYT,-100
RYV,-100
RYW,-100
RYY,-100
SAA,-100
SAC,-100
SAD,-100
SAE,-100
SAF,-100
SAG,-100
SAH,-100
SAI,-100
SAK,-100
SAL,-100
SAM,-100
SAN,-100
SAP,-100
SAQ,-100
SAR,-100
SAS,-100
SAT,-100
SAV,-100
SAW,-100
SAY,-100
SCA,-100
SCC,-100
SCD,-100
SCE,-100
SCF,-1.47217589542561
SCG,-100
SCH,-100
SCI,-1.4017474182765
SCK,-1.42505925681326
SCL,1.00479659065604
SCM,-0.464102694299072
SCN,-100
SCP,-100
SCQ,-100
SCR,-1.13939695368754
SCS,-100
SCT,-100
SCV,-100
SCW,-100
SCY,-100
SDA,1.88719722267706
SDC,1.19944595912239
SDD,-100
SDE,-0.880269145709462
SDF,1.96909547378527
SDG,1.88591790932696
SDH,0.976007496472448
SDI,0.24658411485143
SDK,-0.742781446082518
SDL,0.0286581933032721
SDM,2.52090611576568
SDN,0.655646188883111
SDP,-1.05003745987779
SDQ,3.09090562711935
SDR,1.9013949437649
SDS,2.4523023488
SDT,2.69429693534039
SDV,2.74576398485806
SDW,2.63679293188034
SDY,1.45733299196581
SEA,1.62533039954724
SEC,1.69476582482457
SED,-100
SEE,-1.48516523605213
SEF,3.55400962394197
SEG,0.325819223420694
SEH,0.190990297822282
SEI,2.70994856941979
SEK,-0.960694327717647
SEL,3.3015905674547
SEM,4.58442414045567
SEN,-0.773962401101016
SEP,-1.0737256402499
SEQ,2.61128725740127
SER,-0.242906429804862
SES,1.92208939092234
SET,2.8420326509513
SEV,3.5332496779738
SEW,1.96090820990503
SEY,2.5217411435442
SFA,-100
SFC,-100
SFD,-100
SFE,-100
SFF,-100
SFG,-100
SFH,-100
SFI,-100
SFK,-100
SFL,-100
SFM,-100
SFN,-100
SFP,-100
SFQ,-100
SFR,-100
SFS,-100
SFT,-100
SFV,-100
SFW,-100
SFY,-100
SGA,-100
SGC,-100
SGD,-100
SGE,-100
SGF,-100
SGG,-100
SGH,-100
SGI,-100
SGK,-100
SGL,-100
SGM,-100
SGN,-100
SGP,-100
SGQ,-100
SGR,-100
SGS,-100
SGT,-100
SGV,-100
SGW,-100
SGY,-100
SHA,-100
SHC,-100
SHD,-100
SHE,-100
SHF,-100
SHG,-100
SHH,-100
SHI,-100
SHK,-100
SHL,-100
SHM,-100
SHN,-100
SHP,-100
SHQ,-100
SHR,-100
SHS,-100
SHT,-100
SHV,-100
SHW,-100
SHY,-100
SIA,-100
SIC,-100
SID,-100
SIE,-100
SIF,-100
SIG,-100
SIH,-100
SII,-100
SIK,-100
SIL,-100
SIM,-100
SIN,-100
SIP,-100
SIQ,-100
SIR,-100
SIS,-100
SIT,-100
SIV,-100
SIW,-100
SIY,-100
SKA,-100
SKC,-100
SKD,-100
SKE,-100
SKF,-100
SKG,-100
SKH,-100
SKI,-100
SKK,-100
SKL,-100
SKM,-100
SKN,-100
SKP,-100
SKQ,-100
SKR,-100
SKS,-100
SKT,-100
SKV,-100
SKW,-100
SKY,-100
SLA,-100
SLC,-100
SLD,-100
SLE,-100
SLF,-100
SLG,-100
SLH,-100
SLI,-100
SLK,-100
SLL,-100
SLM,-100
SLN,-100
SLP,-100
SLQ,-100
SLR,-100
SLS,-100
SLT,-100
SLV,-100
SLW,-100
SLY,-100
SMA,-100
SMC,-100
SMD,-100
SME,-100
SMF,-100
SMG,-100
SMH,-100
SMI,-100
SMK,-100
SML,-100
SMM,-100
SMN,-100
SMP,-100
SMQ,-100
SMR,-100
SMS,-100
SMT,-100
SMV,-100
SMW,-100
SMY,-100
SNA,-100
SNC,-100
SND,-100
SNE,-100
SNF,-100
SNG,-100
SNH,-100
SNI,-100
SNK,-100
SNL,-100
SNM,-100
SNN,-100
SNP,-100
SNQ,-100
SNR,-100
SNS,-100
SNT,-100
SNV,-100
SNW,-100
SNY,-100
SPA,-100
SPC,-100
SPD,-1.56569651886821
SPE,-100
SPF,-100
SPG,-100
SPH,-100
SPI,-100
SPK,-100
SPL,-100
SPM,-100
SPN,-100
SPP,-100
SPQ,-100
SPR,-100
SPS,-100
SPT,-100
SPV,-100
SPW,-100
SPY,-100
SQA,-100
SQC,-100
SQD,-100
SQE,-100
SQF,-100
SQG,-100
SQH,-100
SQI,-100
SQK,-100
SQL,-100
SQM,-100
SQN,-100
SQP,-100
SQQ,-100
SQR,-100
SQS,-100
SQT,-100
SQV,-100
SQW,-100
SQY,-100
SRA,-100
SRC,-100
SRD,-100
SRE,-100
SRF,-100
SRG,-100
SRH,-100
SRI,-100
SRK,-100
SRL,-100
SRM,-100
SRN,-100
SRP,-100
SRQ,-100
SRR,-100
SRS,-100
SRT,-100
SRV,-100
SRW,-100
SRY,-100
SSA,-100
SSC,-100
SSD,-100
SSE,-100
SSF,-100
SSG,-100
SSH,-100
SSI,-100
SSK,-100
SSL,-100
SSM,-100
SSN,-100
SSP,-100
SSQ,-100
SSR,-100
SSS,-100
SST,-100
SSV,-100
SSW,-100
SSY,-100
STA,-100
STC,-100
STD,-100
STE,-100
STF,-100
STG,-100
STH,-100
STI,-100
STK,-100
STL,-100
STM,-100
STN,-100
STP,-100
STQ,-100
STR,-100
STS,-100
STT,-100
STV,-100
STW,-100
STY,-100
SVA,-100
SVC,-100
SVD,-100
SVE,-100
SVF,-100
SVG,-100
SVH,-100
SVI,-100
SVK,-100
SVL,-100
SVM,-100
SVN,-100
SVP,-100
SVQ,-100
SVR,-100
SVS,-100
SVT,-100
SVV,-100
SVW,-100
SVY,-100
SWA,-100
SWC,-100
SWD,-100
SWE,-100
SWF,-100
SWG,-100
SWH,-100
SWI,-100
SWK,-100
SWL,-100
SWM,-100
SWN,-100
SWP,-100
SWQ,-100
SWR,-100
SWS,-100
SWT,-100
SWV,-100
SWW,-100
SWY,-100
SYA,-100
SYC,-100
SYD,-100
SYE,-100
SYF,-100
SYG,-100
SYH,-100
SYI,-100
SYK,-100
SYL,-100
SYM,-100
SYN,-100
SYP,-100
SYQ,-100
SYR,-100
SYS,-100
SYT,-100
SYV,-100
SYW,-100
SYY,-100
TAA,-100
TAC,-100
TAD,-100
TAE,-100
TAF,-100
TAG,-100
TAH,-100
TAI,-100
TAK,-100
TAL,-100
TAM,-100
TAN,-100
TAP,-100
TAQ,-100
TAR,-100
TAS,-100
TAT,-100
TAV,-100
TAW,-100
TAY,-100
TCA,-100
TCC,-100
TCD,-100
TCE,-100
TCF,-1.53100650456327
TCG,-100
TCH,-100
TCI,-1.39251464785775
TCK,-1.44041196425678
TCL,0.999140223953873
TCM,-0.530652552377433
TCN,-100
TCP,-100
TCQ,-1.55365762999281
TCR,-1.21154348133132
TCS,-100
TCT,-100
TCV,-100
TCW,-100
TCY,-100
TDA,3.91179861221462
TDC,3.17080292059109
TDD,-1.00618724199012
TDE,1.20793991698883
TDF,3.71147335856222
TDG,3.64268677961081
TDH,2.98317379201762
TDI,1.88072466762969
TDK,-0.424088506028056
TDL,1.18869101116434
TDM,3.82174350717105
TDN,2.58585962327197
TDP,-0.935216397978365
TDQ,4.23972405958921
TDR,2.45819115079939
TDS,3.96316603710875
TDT,4.18017207423691
TDV,4.1982926253695
TDW,4.31245310767554
TDY,3.37908370629884
TEA,2.67767892056145
TEC,1.63150428677909
TED,-100
TEE,-1.08893576078117
TEF,4.03890968754422
TEG,0.656425292836502
TEH,1.34495684574358
TEI,3.23507868294837
TEK,-0.760516275186092
TEL,3.72525724978186
TEM,4.70597932604142
TEN,-0.385438328492455
TEP,-100
TEQ,3.79713013814762
TER,0.458262023050338
TES,1.93559361295775
TET,3.16278416616842
TEV,4.13373929167574
TEW,2.33080211747438
TEY,3.05055502313189
TFA,-100
TFC,-100
TFD,-100
TFE,-100
TFF,-100
TFG,-100
TFH,-100
TFI,-100
TFK,-100
TFL,-100
TFM,-100
TFN,-100
TFP,-100
TFQ,-100
TFR,-100
TFS,-100
TFT,-100
TFV,-100
TFW,-100
TFY,-100
TGA,-100
TGC,-100
TGD,-100
TGE,-100
TGF,-100
TGG,-100
TGH,-100
TGI,-100
TGK,-100
TGL,-100
TGM,-100
TGN,-100
TGP,-100
TGQ,-100
TGR,-100
TGS,-100
TGT,-100
TGV,-100
TGW,-100
TGY,-100
THA,-100
THC,-100
THD,-100
THE,-100
THF,-100
THG,-100
THH,-100
THI,-100
THK,-100
THL,-100
THM,-100
THN,-100
THP,-100
THQ,-100
THR,-100
THS,-100
THT,-100
THV,-100
THW,-100
THY,-100
TIA,-100
TIC,-100
TID,-100
TIE,-100
TIF,-100
TIG,-100
TIH,-100
TII,-100
TIK,-100
TIL,-100
TIM,-100
TIN,-100
TIP,-100
TIQ,-100
TIR,-100
TIS,-100
TIT,-100
TIV,-100
TIW,-100
TIY,-100
TKA,-100
TKC,-100
TKD,-100
TKE,-100
TKF,-100
TKG,-100
TKH,-100
TKI,-100
TKK,-100
TKL,-100
TKM,-100
TKN,-100
TKP,-100
TKQ,-100
TKR,-100
TKS,-100
TKT,-100
TKV,-100
TKW,-100
TKY,-100
TLA,-100
TLC,-100
TLD,-100
TLE,-100
TLF,-100
TLG,-100
TLH,-100
TLI,-100
TLK,-100
TLL,-100
TLM,-100
TLN,-100
TLP,-100
TLQ,-100
TLR,-100
TLS,-100
TLT,-100
TLV,-100
TLW,-100
TLY,-100
TMA,-100
TMC,-100
TMD,-100
TME,-100
TMF,-100
TMG,-100
TMH,-100
TMI,-100
TMK,-100
TML,-100
TMM,-100
TMN,-100
TMP,-100
TMQ,-100
TMR,-100
TMS,-100
TMT,-100
TMV,-100
TMW,-100
TMY,-100
TNA,-100
TNC,-100
TND,-100
TNE,-100
TNF,-100
TNG,-100
TNH,-100
TNI,-100
TNK,-100
TNL,-100
TNM,-100
TNN,-100
TNP,-100
TNQ,-100
TNR,-100
TNS,-100
TNT,-100
TNV,-100
TNW,-100
TNY,-100
TPA,-100
TPC,-100
TPD,-100
TPE,-100
TPF,-100
TPG,-100
TPH,-100
TPI,-100
TPK,-100
TPL,-100
TPM,-100
TPN,-100
TPP,-100
TPQ,-100
TPR,-100
TPS,-100
TPT,-100
TPV,-100
TPW,-100
TPY,-100
TQA,-100
TQC,-100
TQD,-100
TQE,-100
TQF,-100
TQG,-100
TQH,-100
TQI,-100
TQK,-100
TQL,-100
TQM,-100
TQN,-100
TQP,-100
TQQ,-100
TQR,-100
TQS,-100
TQT,-100
TQV,-100
TQW,-100
TQY,-100
TRA,-100
TRC,-100
TRD,-100
TRE,-100
TRF,-100
TRG,-100
TRH,-100
TRI,-100
TRK,-100
TRL,-100
TRM,-100
TRN,-100
TRP,-100
TRQ,-100
TRR,-100
TRS,-100
TRT,-100
TRV,-100
TRW,-100
TRY,-100
TSA,-100
TSC,-100
TSD,-100
TSE,-100
TSF,-100
TSG,-100
TSH,-100
TSI,-100
TSK,-100
TSL,-100
TSM,-100
TSN,-100
TSP,-100
TSQ,-100
TSR,-100
TSS,-100
TST,-100
TSV,-100
TSW,-100
TSY,-100
TTA,-100
TTC,-100
TTD,-100
TTE,-100
TTF,-100
TTG,-100
TTH,-100
TTI,-100
TTK,-100
TTL,-100
TTM,-100
TTN,-100
TTP,-100
TTQ,-100
TTR,-100
TTS,-100
TTT,-100
TTV,-100
TTW,-100
TTY,-100
TVA,-100
TVC,-100
TVD,-100
TVE,-100
TVF,-100
TVG,-100
TVH,-100
TVI,-100
TVK,-100
TVL,-100
TVM,-100
TVN,-100
TVP,-100
TVQ,-100
TVR,-100
TVS,-100
TVT,-100
TVV,-100
TVW,-100
TVY,-100
TWA,-100
TWC,-100
TWD,-100
TWE,-100
TWF,-100
TWG,-100
TWH,-100
TWI,-100
TWK,-100
TWL,-100
TWM,-100
TWN,-100
TWP,-100
TWQ,-100
TWR,-100
TWS,-100
TWT,-100
TWV,-100
TWW,-100
TWY,-100
TYA,-100
TYC,-100
TYD,-100
TYE,-100
TYF,-100
TYG,-100
TYH,-100
TYI,-100
TYK,-100
TYL,-100
TYM,-100
TYN,-100
TYP,-100
TYQ,-100
TYR,-100
TYS,-100
TYT,-100
TYV,-100
TYW,-100
TYY,-100
VAA,-100
VAC,-100
VAD,-100
VAE,-100
VAF,-100
VAG,-100
VAH,-100
VAI,-100
VAK,-100
VAL,-100
VAM,-100
VAN,-100
VAP,-100
VAQ,-100
VAR,-100
VAS,-100
VAT,-100
VAV,-100
VAW,-100
VAY,-100
VCA,-100
VCC,-100
VCD,-100
VCE,-100
VCF,-100
VCG,-100
VCH,-100
VCI,-100
VCK,-1.54964840208413
VCL,-0.157788103213534
VCM,-1.07789381081238
VCN,-100
VCP,-100
VCQ,-100
VCR,-1.42875082787941
VCS,-100
VCT,-100
VCV,-100
VCW,-100
VCY,-100
VDA,3.32996113115223
VDC,2.68875304609537
VDD,-1.2269251634134
VDE,0.249857534538023
VDF,2.70164288114756
VDG,2.78112211427651
VDH,2.13620175028336
VDI,1.71752392244525
VDK,-0.32849829364568
VDL,1.43976930103963
VDM,3.98470058327075
VDN,1.81896165967919
VDP,-0.858658473007381
VDQ,4.22295761754503
VDR,2.55074058962055
VDS,3.34406164102256
VDT,3.80994779523462
VDV,4.06736576702679
VDW,3.53365199259861
VDY,2.39662923832657
VEA,1.292622744455
VEC,-0.278090059757233
VED,-100
VEE,-100
VEF,2.50613222364336
VEG,-0.9277319930261
VEH,0.129234551801346
VEI,2.20378010638524
VEK,-0.930738282622769
VEL,3.22228279110277
VEM,4.32577332714573
VEN,-1.51682923300541
VEP,-100
VEQ,2.955061014276
VER,-0.197273905505426
VES,-0.462348389904946
VET,0.486911368090659
VEV,3.32516497396864
VEW,0.862377297016792
VEY,1.49512769692228
VFA,-100
VFC,-100
VFD,-100
VFE,-100
VFF,-100
VFG,-100
VFH,-100
VFI,-100
VFK,-100
VFL,-100
VFM,-100
VFN,-100
VFP,-100
VFQ,-100
VFR,-100
VFS,-100
VFT,-100
VFV,-100
VFW,-100
VFY,-100
VGA,-100
VGC,-100
VGD,-100
VGE,-100
VGF,-100
VGG,-100
VGH,-100
VGI,-100
VGK,-100
VGL,-100
VGM,-100
VGN,-100
VGP,-100
VGQ,-100
VGR,-100
VGS,-100
VGT,-100
VGV,-100
VGW,-100
VGY,-100
VHA,-100
VHC,-100
VHD,-100
VHE,-100
VHF,-100
VHG,-100
VHH,-100
VHI,-100
VHK,-100
VHL,-100
VHM,-100
VHN,-100
VHP,-100
VHQ,-100
VHR,-100
VHS,-100
VHT,-100
VHV,-100
VHW,-100
VHY,-100
VIA,-100
VIC,-100
VID,-100
VIE,-100
VIF,-100
VIG,-100
VIH,-100
VII,-100
VIK,-100
VIL,-100
VIM,-100
VIN,-100
VIP,-100
VIQ,-100
VIR,-100
VIS,-100
VIT,-100
VIV,-100
VIW,-100
VIY,-100
VKA,-100
VKC,-100
VKD,-100
VKE,-100
VKF,-100
VKG,-100
VKH,-100
VKI,-100
VKK,-100
VKL,-100
VKM,-100
VKN,-100
VKP,-100
VKQ,-100
VKR,-100
VKS,-100
VKT,-100
VKV,-100
VKW,-100
VKY,-100
VLA,-100
VLC,-100
VLD,-100
VLE,-100
VLF,-100
VLG,-100
VLH,-100
VLI,-100
VLK,-100
VLL,-100
VLM,-100
VLN,-100
VLP,-100
VLQ,-100
VLR,-100
VLS,-100
VLT,-100
VLV,-100
VLW,-100
VLY,-100
VMA,-100
VMC,-100
VMD,-100
VME,-100
VMF,-100
VMG,-100
VMH,-100
VMI,-100
VMK,-100
VML,-100
VMM,-100
VMN,-100
VMP,-100
VMQ,-100
VMR,-100
VMS,-100
VMT,-100
VMV,-100
VMW,-100
VMY,-100
VNA,-100
VNC,-100
VND,-100
VNE,-100
VNF,-100
VNG,-100
VNH,-100
VNI,-100
VNK,-100
VNL,-100
VNM,-100
VNN,-100
VNP,-100
VNQ,-100
VNR,-100
VNS,-100
VNT,-100
VNV,-100
VNW,-100
VNY,-100
VPA,-100
VPC,-100
VPD,-100
VPE,-100
VPF,-100
VPG,-100
VPH,-100
VPI,-100
VPK,-100
VPL,-100
VPM,-100
VPN,-100
VPP,-100
VPQ,-100
VPR,-100
VPS,-100
VPT,-100
VPV,-100
VPW,-100
VPY,-100
VQA,-100
VQC,-100
VQD,-100
VQE,-100
VQF,-100
VQG,-100
VQH,-100
VQI,-100
VQK,-100
VQL,-100
VQM,-100
VQN,-100
VQP,-100
VQQ,-100
VQR,-100
VQS,-100
VQT,-100
VQV,-100
VQW,-100
VQY,-100
VRA,-100
VRC,-100
VRD,-100
VRE,-100
VRF,-100
VRG,-100
VRH,-100
VRI,-100
VRK,-100
VRL,-100
VRM,-100
VRN,-100
VRP,-100
VRQ,-100
VRR,-100
VRS,-100
VRT,-100
VRV,-100
VRW,-100
VRY,-100
VSA,-100
VSC,-100
VSD,-100
VSE,-100
VSF,-100
VSG,-100
VSH,-100
VSI,-100
VSK,-100
VSL,-100
VSM,-100
VSN,-100
VSP,-100
VSQ,-100
VSR,-100
VSS,-100
VST,-100
VSV,-100
VSW,-100
VSY,-100
VTA,-100
VTC,-100
VTD,-100
VTE,-100
VTF,-100
VTG,-100
VTH,-100
VTI,-100
VTK,-100
VTL,-100
VTM,-100
VTN,-100
VTP,-100
VTQ,-100
VTR,-100
VTS,-100
VTT,-100
VTV,-100
VTW,-100
VTY,-100
VVA,-100
VVC,-100
VVD,-100
VVE,-100
VVF,-100
VVG,-100
VVH,-100
VVI,-100
VVK,-100
VVL,-100
VVM,-100
VVN,-100
VVP,-100
VVQ,-100
VVR,-100
VVS,-100
VVT,-100
VVV,-100
VVW,-100
VVY,-100
VWA,-100
VWC,-100
VWD,-100
VWE,-100
VWF,-100
VWG,-100
VWH,-100
VWI,-100
VWK,-100
VWL,-100
VWM,-100
VWN,-100
VWP,-100
VWQ,-100
VWR,-100
VWS,-100
VWT,-100
VWV,-100
VWW,-100
VWY,-100
VYA,-100
VYC,-100
VYD,-100
VYE,-100
VYF,-100
VYG,-100
VYH,-100
VYI,-100
VYK,-100
VYL,-100
VYM,-100
VYN,-100
VYP,-100
VYQ,-100
VYR,-100
VYS,-100
VYT,-100
VYV,-100
VYW,-100
VYY,-100
WAA,-100
WAC,-100
WAD,-100
WAE,-100
WAF,-100
WAG,-100
WAH,-100
WAI,-100
WAK,-100
WAL,-100
WAM,-100
WAN,-100
WAP,-100
WAQ,-100
WAR,-100
WAS,-100
WAT,-100
WAV,-100
WAW,-100
WAY,-100
WCA,-100
WCC,-100
WCD,-100
WCE,-100
WCF,-100
WCG,-100
WCH,-100
WCI,-100
WCK,-100
WCL,-1.19480666425079
WCM,-100
WCN,-100
WCP,-100
WCQ,-100
WCR,-100
WCS,-100
WCT,-100
WCV,-100
WCW,-100
WCY,-100
WDA,1.02286373035167
WDC,-0.905503651127219
WDD,-100
WDE,-0.81734109390527
WDF,1.28062712261453
WDG,-0.686323694884777
WDH,-0.0598406959325075
WDI,0.664221581071615
WDK,-0.751758405938745
WDL,0.567261503078043
WDM,2.59492351813242
WDN,-1.37349624466151
WDP,-100
WDQ,2.32352367008571
WDR,2.31019475776702
WDS,-1.1407312778756
WDT,-0.856093894690275
WDV,3.29631063248962
WDW,-0.323455989360809
WDY,-0.668539476580918
WEA,-100
WEC,-100
WED,-100
WEE,-100
WEF,-1.17330286372453
WEG,-100
WEH,-100
WEI,0.759953294880688
WEK,-1.31294526904821
WEL,1.49151544109918
WEM,0.27062111813575
WEN,-100
WEP,-100
WEQ,-1.11513265315443
WER,0.190654153004289
WES,-100
WET,-100
WEV,0.94650272722356
WEW,-100
WEY,-1.54313191026449
WFA,-100
WFC,-100
WFD,-100
WFE,-100
WFF,-100
WFG,-100
WFH,-100
WFI,-100
WFK,-100
WFL,-100
WFM,-100
WFN,-100
WFP,-100
WFQ,-100
WFR,-100
WFS,-100
WFT,-100
WFV,-100
WFW,-100
WFY,-100
WGA,-100
WGC,-100
WGD,-100
WGE,-100
WGF,-100
WGG,-100
WGH,-100
WGI,-100
WGK,-100
WGL,-100
WGM,-100
WGN,-100
WGP,-100
WGQ,-100
WGR,-100
WGS,-100
WGT,-100
WGV,-100
WGW,-100
WGY,-100
WHA,-100
WHC,-100
WHD,-100
WHE,-100
WHF,-100
WHG,-100
WHH,-100
WHI,-100
WHK,-100
WHL,-100
WHM,-100
WHN,-100
WHP,-100
WHQ,-100
WHR,-100
WHS,-100
WHT,-100
WHV,-100
WHW,-100
WHY,-100
WIA,-100
WIC,-100
WID,-100
WIE,-100
WIF,-100
WIG,-100
WIH,-100
WII,-100
WIK,-100
WIL,-100
WIM,-100
WIN,-100
WIP,-100
WIQ,-100
WIR,-100
WIS,-100
WIT,-100
WIV,-100
WIW,-100
WIY,-100
WKA,-100
WKC,-100
WKD,-100
WKE,-100
WKF,-100
WKG,-100
WKH,-100
WKI,-100
WKK,-100
WKL,-100
WKM,-100
WKN,-100
WKP,-100
WKQ,-100
WKR,-100
WKS,-100
WKT,-100
WKV,-100
WKW,-100
WKY,-100
WLA,-100
WLC,-100
WLD,-100
WLE,-100
WLF,-100
WLG,-100
WLH,-100
WLI,-100
WLK,-100
WLL,-100
WLM,-100
WLN,-100
WLP,-100
WLQ,-100
WLR,-100
WLS,-100
WLT,-100
WLV,-100
WLW,-100
WLY,-100
WMA,-100
WMC,-100
WMD,-100
WME,-100
WMF,-100
WMG,-100
WMH,-100
WMI,-100
WMK,-100
WML,-100
WMM,-100
WMN,-100
WMP,-100
WMQ,-100
WMR,-100
WMS,-100
WMT,-100
WMV,-100
WMW,-100
WMY,-100
WNA,-100
WNC,-100
WND,-100
WNE,-100
WNF,-100
WNG,-100
WNH,-100
WNI,-100
WNK,-100
WNL,-100
WNM,-100
WNN,-100
WNP,-100
WNQ,-100
WNR,-100
WNS,-100
WNT,-100
WNV,-100
WNW,-100
WNY,-100
WPA,-100
WPC,-100
WPD,-100
WPE,-100
WPF,-100
WPG,-100
WPH,-100
WPI,-100
WPK,-100
WPL,-100
WPM,-100
WPN,-100
WPP,-100
WPQ,-100
WPR,-100
WPS,-100
WPT,-100
WPV,-100
WPW,-100
WPY,-100
WQA,-100
WQC,-100
WQD,-100
WQE,-100
WQF,-100
WQG,-100
WQH,-100
WQI,-100
WQK,-100
WQL,-100
WQM,-100
WQN,-100
WQP,-100
WQQ,-100
WQR,-100
WQS,-100
WQT,-100
WQV,-100
WQW,-100
WQY,-100
WRA,-100
WRC,-100
WRD,-100
WRE,-100
WRF,-100
WRG,-100
WRH,-100
WRI,-100
WRK,-100
WRL,-100
WRM,-100
WRN,-100
WRP,-100
WRQ,-100
WRR,-100
WRS,-100
WRT,-100
WRV,-100
WRW,-100
WRY,-100
WSA,-100
WSC,-100
WSD,-100
WSE,-100
WSF,-100
WSG,-100
WSH,-100
WSI,-100
WSK,-100
WSL,-100
WSM,-100
WSN,-100
WSP,-100
WSQ,-100
WSR,-100
WSS,-100
WST,-100
WSV,-100
WSW,-100
WSY,-100
WTA,-100
WTC,-100
WTD,-100
WTE,-100
WTF,-100
WTG,-100
WTH,-100
WTI,-100
WTK,-100
WTL,-100
WTM,-100
WTN,-100
WTP,-100
WTQ,-100
WTR,-100
WTS,-100
WTT,-100
WTV,-100
WTW,-100
WTY,-100
WVA,-100
WVC,-100
WVD,-100
WVE,-100
WVF,-100
WVG,-100
WVH,-100
WVI,-100
WVK,-100
WVL,-100
WVM,-100
WVN,-100
WVP,-100
WVQ,-100
WVR,-100
WVS,-100
WVT,-100
WVV,-100
WVW,-100
WVY,-100
WWA,-100
WWC,-100
WWD,-100
WWE,-100
WWF,-100
WWG,-100
WWH,-100
WWI,-100
WWK,-100
WWL,-100
WWM,-100
WWN,-100
WWP,-100
WWQ,-100
WWR,-100
WWS,-100
WWT,-100
WWV,-100
WWW,-100
WWY,-100
WYA,-100
WYC,-100
WYD,-100
WYE,-100
WYF,-100
WYG,-100
WYH,-100
WYI,-100
WYK,-100
WYL,-100
WYM,-100
WYN,-100
WYP,-100
WYQ,-100
WYR,-100
WYS,-100
WYT,-100
WYV,-100
WYW,-100
WYY,-100
YAA,-100
YAC,-100
YAD,-100
YAE,-100
YAF,-100
YAG,-100
YAH,-100
YAI,-100
YAK,-100
YAL,-100
YAM,-100
YAN,-100
YAP,-100
YAQ,-100
YAR,-100
YAS,-100
YAT,-100
YAV,-100
YAW,-100
YAY,-100
YCA,-100
YCC,-100
YCD,-100
YCE,-100
YCF,-100
YCG,-100
YCH,-100
YCI,-100
YCK,-100
YCL,-0.275518054841086
YCM,-1.50042309542187
YCN,-100
YCP,-100
YCQ,-100
YCR,-1.41501599358162
YCS,-100
YCT,-100
YCV,-100
YCW,-100
YCY,-100
YDA,3.58429534558672
YDC,2.75092049525119
YDD,-1.43865423696116
YDE,0.634214163175784
YDF,3.57465423527174
YDG,2.67413247749209
YDH,2.57489486550912
YDI,2.21286105760373
YDK,-0.458497943822294
YDL,2.10602973820642
YDM,4.26617753924802
YDN,0.856617206707597
YDP,-0.861871931701899
YDQ,4.33266775729135
YDR,2.44371565245092
YDS,2.99909711035434
YDT,3.32432515302207
YDV,4.174154399283
YDW,4.0478758844547
YDY,2.60524077864829
YEA,1.98953296476975
YEC,0.224927447037771
YED,-100
YEE,-1.47348007099936
YEF,3.0891132952238
YEG,-0.814392734551802
YEH,0.507565377978608
YEI,2.97064281255007
YEK,-0.767888935224619
YEL,3.84273664630018
YEM,4.6391896517016
YEN,-1.43372908933088
YEP,-100
YEQ,3.60477942228317
YER,0.884850213769823
YES,-0.15204342501238
YET,-0.0326146306470037
YEV,3.75086471089162
YEW,0.344837822485715
YEY,1.68301471171435
YFA,-100
YFC,-100
YFD,-100
YFE,-100
YFF,-100
YFG,-100
YFH,-100
YFI,-100
YFK,-100
YFL,-100
YFM,-100
YFN,-100
YFP,-100
YFQ,-100
YFR,-100
YFS,-100
YFT,-100
YFV,-100
YFW,-100
YFY,-100
YGA,-100
YGC,-100
YGD,-100
YGE,-100
YGF,-100
YGG,-100
YGH,-100
YGI,-100
YGK,-100
YGL,-100
YGM,-100
YGN,-100
YGP,-100
YGQ,-100
YGR,-100
YGS,-100
YGT,-100
YGV,-100
YGW,-100
YGY,-100
YHA,-100
YHC,-100
YHD,-100
YHE,-100
YHF,-100
YHG,-100
YHH,-100
YHI,-100
YHK,-100
YHL,-100
YHM,-100
YHN,-100
YHP,-100
YHQ,-100
YHR,-100
YHS,-100
YHT,-100
YHV,-100
YHW,-100
YHY,-100
YIA,-100
YIC,-100
YID,-100
YIE,-100
YIF,-100
YIG,-100
YIH,-100
YII,-100
YIK,-100
YIL,-100
YIM,-100
YIN,-100
YIP,-100
YIQ,-100
YIR,-100
YIS,-100
YIT,-100
YIV,-100
YIW,-100
YIY,-100
YKA,-100
YKC,-100
YKD,-100
YKE,-100
YKF,-100
YKG,-100
YKH,-100
YKI,-100
YKK,-100
YKL,-100
YKM,-100
YKN,-100
YKP,-100
YKQ,-100
YKR,-100
YKS,-100
YKT,-100
YKV,-100
YKW,-100
YKY,-100
YLA,-100
YLC,-100
YLD,-100
YLE,-100
YLF,-100
YLG,-100
YLH,-100
YLI,-100
YLK,-100
YLL,-100
YLM,-100
YLN,-100
YLP,-100
YLQ,-100
YLR,-100
YLS,-100
YLT,-100
YLV,-100
YLW,-100
YLY,-100
YMA,-100
YMC,-100
YMD,-100
YME,-100
YMF,-100
YMG,-100
YMH,-100
YMI,-100
YMK,-100
YML,-100
YMM,-100
YMN,-100
YMP,-100
YMQ,-100
YMR,-100
YMS,-100
YMT,-100
YMV,-100
YMW,-100
YMY,-100
YNA,-100
YNC,-100
YND,-100
YNE,-100
YNF,-100
YNG,-100
YNH,-100
YNI,-100
YNK,-100
YNL,-100
YNM,-100
YNN,-100
YNP,-100
YNQ,-100
YNR,-100
YNS,-100
YNT,-100
YNV,-100
YNW,-100
YNY,-100
YPA,-100
YPC,-100
YPD,-100
YPE,-100
YPF,-100
YPG,-100
YPH,-100
YPI,-100
YPK,-100
YPL,-100
YPM,-100
YPN,-100
YPP,-100
YPQ,-100
YPR,-100
YPS,-100
YPT,-100
YPV,-100
YPW,-100
YPY,-100
YQA,-100
YQC,-100
YQD,-100
YQE,-100
YQF,-100
YQG,-100
YQH,-100
YQI,-100
YQK,-100
YQL,-100
YQM,-100
YQN,-100
YQP,-100
YQQ,-100
YQR,-100
YQS,-100
YQT,-100
YQV,-100
YQW,-100
YQY,-100
YRA,-100
YRC,-100
YRD,-100
YRE,-100
YRF,-100
YRG,-100
YRH,-100
YRI,-100
YRK,-100
YRL,-100
YRM,-100
YRN,-100
YRP,-100
YRQ,-100
YRR,-100
YRS,-100
YRT,-100
YRV,-100
YRW,-100
YRY,-100
YSA,-100
YSC,-100
YSD,-100
YSE,-100
YSF,-100
YSG,-100
YSH,-100
YSI,-100
YSK,-100
YSL,-100
YSM,-100
YSN,-100
YSP,-100
YSQ,-100
YSR,-100
YSS,-100
YST,-100
YSV,-100
YSW,-100
YSY,-100
YTA,-100
YTC,-100
YTD,-100
YTE,-100
YTF,-100
YTG,-100
YTH,-100
YTI,-100
YTK,-100
YTL,-100
YTM,-100
YTN,-100
YTP,-100
YTQ,-100
YTR,-100
YTS,-100
YTT,-100
YTV,-100
YTW,-100
YTY,-100
YVA,-100
YVC,-100
YVD,-100
YVE,-100
YVF,-100
YVG,-100
YVH,-100
YVI,-100
YVK,-100
YVL,-100
YVM,-100
YVN,-100
YVP,-100
YVQ,-100
YVR,-100
YVS,-100
YVT,-100
YVV,-100
YVW,-100
YVY,-100
YWA,-100
YWC,-100
YWD,-100
YWE,-100
YWF,-100
YWG,-100
YWH,-100
YWI,-100
YWK,-100
YWL,-100
YWM,-100
YWN,-100
YWP,-100
YWQ,-100
YWR,-100
YWS,-100
YWT,-100
YWV,-100
YWW,-100
YWY,-100
YYA,-100
YYC,-100
YYD,-100
YYE,-100
YYF,-100
YYG,-100
YYH,-100
YYI,-100
YYK,-100
YYL,-100
YYM,-100
YYN,-100
YYP,-100
YYQ,-100
YYR,-100
YYS,-100
YYT,-100
YYV,-100
YYW,-100
YYY,-100
